path,package,category,proposed_disposition,review_depth,bytes,sha256
.agents/AGENTS.md,,repository-support,retain-review-in-context,mechanical-census,408,855cf0cb01cde69d7adf3e3456ec36ca2465ab569d19ea213b02f0e00173ce36
.cursor/rules/acceptance-criteria-handoff.mdc,,repository-support,retain-review-in-context,mechanical-census,1672,466849e314f954dbfdeff2421226a3ee8fec88b03ee5c542c11ec7f798cd504f
.cursor/rules/network-safety.mdc,,repository-support,retain-review-in-context,mechanical-census,2042,173710ca8e0667bb9f78ae3896e274c6a486f49c04fefb05b3922323d0fd842a
.cursor/rules/no-filler-scaffolds.mdc,,repository-support,retain-review-in-context,mechanical-census,1884,9a40e2638eff2c5366241e8fe9e6f231089959548d198a23b8876ecc449e191e
.cursor/rules/sprint-documentation.mdc,,repository-support,retain-review-in-context,mechanical-census,1362,7d30545fee5d636b4aa171572a0bd310226cfca48d75cbcc921571210dd26ef0
.cursor/rules/sprint-verify-and-commit.mdc,,repository-support,retain-review-in-context,mechanical-census,1235,f27d66ffd55ff01080b0168ec4b08555c228f129758cd90907caecede5fed563
.github/ISSUE_TEMPLATE/bug_report.md,,delivery-tooling,retain-review-in-context,mechanical-census,640,76078a580b7c618cc2154d3fb2a43a82d56c04404be26cb8cecf0e046856bfc6
.github/ISSUE_TEMPLATE/feature_request.md,,delivery-tooling,retain-review-in-context,mechanical-census,619,7c7cccf6150b19082bc3432545116bebbf3d410bf3162fb21377a8d55eb9b4b4
.github/PULL_REQUEST_TEMPLATE.md,,delivery-tooling,retain-review-in-context,mechanical-census,1187,6bf1f990aec4079d528254cf658d550821d5b456f4cd243a54575baa6e5580ef
.github/SECURITY.md,,delivery-tooling,retain-review-in-context,mechanical-census,1237,a31ec638eac326ef9d56ec1195920f1d1cb690703c6563b019005f3c88e3fb8a
.github/workflows/engine-ci.yml,,delivery-tooling,retain-review-in-context,mechanical-census,2114,564c98fdc5214553b497cc4627a9a1045a433958e255ded780b2abc33fbed4c1
.github/workflows/release.yml,,delivery-tooling,retain-review-in-context,mechanical-census,6192,a93ce2cc28d4070509b8331830c3cdbe83e2d48e7da4cfa19b7d90674110ebc2
.gitignore,,repository-support,retain-review-in-context,mechanical-census,474,7e1e2e64d6ccfdd2f449db6d54baff19d4f2adfff8a128f71838fcf27bc72408
CONTRIBUTING.md,,repository-support,retain-review-in-context,mechanical-census,2693,a47fc369285cc1cf452afb5a5839abeb8e641c6b2ea348ce64cc6ddbf6704b0e
LICENSE,,repository-support,retain-review-in-context,mechanical-census,7687,2c145605e6f8614bc5870ad05c25c51b84a9ce2ee050c96248f564acd108dac8
README.md,,repository-support,retain-review-in-context,mechanical-census,7353,c3bce8c5f75c37a3035534f94ce15191423ff8cc5dc844613de52a1d85132e96
docs/CHARTER.md,,documentation,retain-review-in-context,mechanical-census,10797,6302d40ced54a7fdd33a4e208a1e17e039e56997b9742004da3038973eee39c9
docs/architecture/README.md,,documentation,retain-review-in-context,mechanical-census,6389,21834c5b791ec4a93a33c9fb203b7b547f5c92c8f7028fd97b49836715d7a473
docs/architecture/audits/2026-09-24/.gitignore,,documentation,retain-review-in-context,mechanical-census,22,061eff2bfecce7351cb0191ff0e2220a434f8a34c5fe45ccc1e3a21f03a6e3a5
docs/architecture/audits/2026-09-24/README.md,,documentation,retain-review-in-context,mechanical-census,7748,189820b970c11023db245cab0b47a058e746fb466bb3bf66a02a5f6411b793e1
docs/architecture/audits/2026-09-24/findings.md,,documentation,retain-review-in-context,mechanical-census,28629,f78985de95e6f6b08a8f442117b2e2d8297e4fc62751e7e1dcefc3c89c1ea619
docs/architecture/audits/2026-09-24/inventory.json,,documentation,retain-review-in-context,mechanical-census,9555,c89ee188fb5482345eb802357eca085074523ecf87acac0a895ab64f303ea85c
docs/architecture/audits/2026-09-24/migration-plan.md,,documentation,retain-review-in-context,mechanical-census,12074,cff44b7f99822595e045e4937e04475cc50050ea3234c1e9f6619a954ead136e
docs/architecture/audits/2026-09-24/probes/Cargo.lock,,documentation,retain-review-in-context,mechanical-census,91294,0e5ded1870ae799ce779e241cbb97b527cb831fe4f6d48f003aa1d1258cb92c0
docs/architecture/audits/2026-09-24/probes/Cargo.toml,,documentation,retain-review-in-context,mechanical-census,476,24ed260b356346a7abfb8b386d82bb8667b622b0426f4e8979e456197a38b692
docs/architecture/audits/2026-09-24/probes/src/lib.rs,,documentation,retain-review-in-context,mechanical-census,5445,e65c29e0ccf3244e31d62cae3d90033f764dc133cf5d0808d3f99baea562ddcb
docs/architecture/audits/2026-09-24/target-architecture.md,,documentation,retain-review-in-context,mechanical-census,15950,dd140fa5f74486f3f5cdad49822bcda7e845607705faa3aa648bc9c22b2305b0
docs/architecture/live-agent-architecture.md,,documentation,retain-review-in-context,mechanical-census,9200,c5cca0696cec3c022668b5c1b3e73b7b3021624b4fa56559f2af681aadf7dbec
docs/architecture/mvp-village-engine-spec.md,,documentation,retain-review-in-context,mechanical-census,6795,462642dacf7919aa3cd630e8b433e4158fdd9faf2e3a59ffb87a42a0d0949fa7
docs/architecture/tetonic-world-protocol.md,,documentation,retain-review-in-context,mechanical-census,6369,b62c9e29d7b4e4901584095323cd494518b227d922999b7779debe167efced74
docs/as-built/2026-09-25/README.md,,documentation,retain-review-in-context,mechanical-census,14478,c6677aa431d9e9308769fec91060d166c83a32f2af019ab2e103af23e8092ea3
docs/as-built/2026-09-25/analyze.py,,documentation,retain-review-in-context,mechanical-census,6678,3e8964ad1c785887700dabc3e4d42b990b29685a8460d573d3a51c21c9ba7b32
docs/as-built/2026-09-25/atlas.md,,documentation,retain-review-in-context,mechanical-census,99409,969a67f206fbe2b84df48532b7c48affdc372cef822c6ff964fc6c7a6b77f5b3
docs/as-built/2026-09-25/baseline.json,,documentation,retain-review-in-context,mechanical-census,3652,009a59a723e0db31ac3b158361cd915df0638c2fd9086a794a9a510148bb3730
docs/as-built/2026-09-25/build_docs.py,,documentation,retain-review-in-context,mechanical-census,75258,084d6d87ebc8e67e0dd90085d9192ed7163fd8c940a798cc8f2534954c30f16d
docs/as-built/2026-09-25/coverage.csv,,documentation,retain-review-in-context,mechanical-census,329169,9dd6952d64507782e4dd4eeee87ecc64fd89837c96e2a58d8e5f0c56726ccaaa
docs/as-built/2026-09-25/diagrams.json,,documentation,retain-review-in-context,mechanical-census,25784,275a06f21134eae60c5de3949acd1f4afdfed1ce8d6de2026243fd406881cbba
docs/as-built/2026-09-25/entrypoints.md,,documentation,retain-review-in-context,mechanical-census,12683,8b740ca1030e2ab5f613a03706ccc8d75b77092fcd9972629137b6a9ca6ab0f9
docs/as-built/2026-09-25/evidence.json,,documentation,retain-review-in-context,mechanical-census,50213,79155db5714477fe1def58c2ebeee6d2042ba4215d9d0d35c1878df142a7802e
docs/as-built/2026-09-25/evidence.md,,documentation,retain-review-in-context,mechanical-census,53843,b215016c62ff231e945f14f4ccf135df7b53242e9667ccfd957a26bce32764c5
docs/as-built/2026-09-25/execution.md,,documentation,retain-review-in-context,mechanical-census,16013,ea5ef67f259ffe4af9257ec81b2db97a354bc16e6ac4b6242e439975f79e8e18
docs/as-built/2026-09-25/inventory-output.json,,documentation,retain-review-in-context,mechanical-census,2572,9a13aa5d8d991fa67f81ae72a1579ac1b49d8222c51f2c82103388286c102ef6
docs/as-built/2026-09-25/limits.md,,documentation,retain-review-in-context,mechanical-census,7482,f7ad2baf5e88ef859f7dd94ec3f171c6c7b7f2cbba21cc99712c324d7b6fba3e
docs/as-built/2026-09-25/mermaid-results.json,,documentation,retain-review-in-context,mechanical-census,4352,d3dabad749eacf0016d9a30ef8d2f6d0951672c5c001a58505bee70b9233d3fb
docs/as-built/2026-09-25/operations.md,,documentation,retain-review-in-context,mechanical-census,13752,1f804562a02ff1891faafc1f4eada856303b4be4784d6c9dc7d64c984b9279b3
docs/as-built/2026-09-25/organizations-and-squads.md,,documentation,retain-review-in-context,mechanical-census,8249,d4dec66ae64e51e9aabbc96d2ef1be274b51605087a4efb31a78f966fae4526e
docs/as-built/2026-09-25/organizations-and-squads.md.in,,documentation,retain-review-in-context,mechanical-census,7462,44e48e1f8bf9c2e1acaacfdadee2fc2a5c01895b2edbb0b219bd6eb4606c81d9
docs/as-built/2026-09-25/packages.json,,documentation,retain-review-in-context,mechanical-census,40134,3bff898a992f01677ef44657be51dbae7710d4b808fcf3053d51c449c22d218c
docs/as-built/2026-09-25/script-entrypoints.json,,documentation,retain-review-in-context,mechanical-census,4773,124b89d9dd0f81e32981929963eb4f77ec4672ff311d1d10cef5ab09d7067cee
docs/as-built/2026-09-25/source-atlas.json,,documentation,retain-review-in-context,mechanical-census,1442907,42ecf5180f8ccdae6ffe994fc7fbfea1e382089a93c67d4186fd9744f4849fa0
docs/as-built/2026-09-25/state.md,,documentation,retain-review-in-context,mechanical-census,12945,c709f5e8bed8f6a4e2d6a3ad4e5ef460803a1b4c02c93d46b623df187d365d34
docs/as-built/2026-09-25/storage-tables.json,,documentation,retain-review-in-context,mechanical-census,8383,49cef1e3bb2bb2272c712666a8d106e3ea31db027d17e3560e174cd79a421d31
docs/as-built/2026-09-25/subsystems.md,,documentation,retain-review-in-context,mechanical-census,20807,e59ce057137ccc10b6b709ea4386ebddbe8f5f419bfe75b46cd29282ae4d6d08
docs/as-built/2026-09-25/subsystems.md.in,,documentation,retain-review-in-context,mechanical-census,18850,7ed098b708e3dc8cc12d75830ab471ab616d571ab4bc0b063342c7ab19056f6f
docs/as-built/2026-09-25/symbols.json,,documentation,retain-review-in-context,mechanical-census,1285812,a311c44f96c91cad45b3377b33ebfd1a3eca08365093550b63d38c75701d0248
docs/as-built/2026-09-25/validate.py,,documentation,retain-review-in-context,mechanical-census,2632,e4499ac6c6e7a295988f5570607dcd1cfc71c16223feb7eb32d0cf791065a7af
docs/as-built/2026-09-25/validate_mermaid.mjs,,documentation,retain-review-in-context,mechanical-census,1508,8780911f6e9bee9ada383299ba56375a27d55e5f60e95573071a4ba6bf83a268
docs/as-built/2026-09-25/validation-results.json,,documentation,retain-review-in-context,mechanical-census,235,7bb800bb588b9bc97e7eb779defd062506aad699d6a28b0e31983d6d7c35b314
docs/as-built/2026-09-25/verification.md,,documentation,retain-review-in-context,mechanical-census,9358,1a5051fbb61a3731e04e2442e98f47b3937a2586138bdfa75767b64044ef9169
docs/engineering/QUALITY-DEBT.md,,documentation,retain-review-in-context,mechanical-census,6848,7c496e762564cc1afe9419e9ad5450b35d1325f2d6dae3b182ed9a32eb04fda9
docs/engineering/QUALITY-GATE.md,,documentation,retain-review-in-context,mechanical-census,18686,edb6d66548b1936b80f906566c1bbf783991b422eb900a509d6b0bf4b1267213
docs/epics/.gitkeep,,documentation,retain-review-in-context,mechanical-census,2,7eb70257593da06f682a3ddda54a9d260d4fc514f645237f5ca74b08f8da61a6
docs/epics/standing-agent-engine/README.md,,documentation,retain-review-in-context,mechanical-census,4661,c3064129e97b823813fd0c3abe27ba1e2fb688c91b769ab9a615cc3a1c04b774
docs/epics/standing-agent-engine/sprints/sprint-1-continuous-cognition/SAE-101-domain-exports.md,,documentation,retain-review-in-context,mechanical-census,1107,5149f6fb65ce22bfd3fe9045fad4cd70d11c79d4bdcafc5890c18607f4c5a7d2
docs/epics/standing-agent-engine/sprints/sprint-1-continuous-cognition/SAE-102-agent-continuous-loop.md,,documentation,retain-review-in-context,mechanical-census,1451,c9dfa7463911fb21ec71ba49e9281e5475d0184888595ac1bff7c54e238394cb
docs/epics/standing-agent-engine/sprints/sprint-1-continuous-cognition/SAE-103-dual-process-brain.md,,documentation,retain-review-in-context,mechanical-census,2426,dec47ffc0ec345067ff23bc86107761a5d804a6bf826ba9a5a7e156f23dc2e58
docs/epics/standing-agent-engine/sprints/sprint-1-continuous-cognition/SAE-104-tick-memory-filter.md,,documentation,retain-review-in-context,mechanical-census,1494,a72f651321658643dc5e08f089c440a1b6d3ffc0599c9a4604c4d12b995cddbb
docs/epics/standing-agent-engine/sprints/sprint-2-world-adapters/SAE-201-affordance-negotiation.md,,documentation,retain-review-in-context,mechanical-census,1405,b92cd65e00dd18256d0fef16f56b3c57af5c0a6e0789a33771d0bd82a1de1632
docs/epics/standing-agent-engine/sprints/sprint-2-world-adapters/SAE-202-authoritative-estop.md,,documentation,retain-review-in-context,mechanical-census,1585,0da82c12054fbbcc8762b4991f5268bee5ad0563f67e6b009d799943693e1246
docs/epics/standing-agent-engine/sprints/sprint-2-world-adapters/SAE-203-stream-world-adapter.md,,documentation,retain-review-in-context,mechanical-census,1273,71568d7f5ca976d70a81cd1fe531fb333069772d2dce8036a1ed65ba34731c07
docs/epics/standing-agent-engine/sprints/sprint-2-world-adapters/SAE-204-multi-adapter-composition.md,,documentation,retain-review-in-context,mechanical-census,1321,435207c9a3c45eb5ef578caf59670670b0f73e9e8daa91c6b241b4e6f639f58b
docs/epics/standing-agent-engine/sprints/sprint-3-fleet-intent-steering/SAE-301-organization-squad-tenancy.md,,documentation,retain-review-in-context,mechanical-census,1408,25612a0357d6d4b381ef44ed18b5c66cb4d075b30f53d02ee4f1b63d6d9adc15
docs/epics/standing-agent-engine/sprints/sprint-3-fleet-intent-steering/SAE-302-composite-intent-charter.md,,documentation,retain-review-in-context,mechanical-census,1546,16a0794e0f81144c28f03d53158e2d78a30c3b9fc5420b3c4115f995c532de21
docs/epics/standing-agent-engine/sprints/sprint-3-fleet-intent-steering/SAE-303-inflight-course-correction.md,,documentation,retain-review-in-context,mechanical-census,1748,ad5d3448edc0d78156e78519cf041fb69fbdb6fe6407ace2a0e5564113945dcb
docs/epics/standing-agent-engine/sprints/sprint-3-fleet-intent-steering/SAE-304-fleet-supervisor-lifecycle.md,,documentation,retain-review-in-context,mechanical-census,1665,8157882e9d36979669c30b4afad49518f79d248c97d73994429c55eaa0b38a55
docs/epics/standing-agent-engine/sprints/sprint-4-engine-config-inference/SAE-401-declarative-engine-config.md,,documentation,retain-review-in-context,mechanical-census,1526,b68e87faf30a3d22fe4a295fa319f719ed64c08f94b589309379950f4304e91a
docs/epics/standing-agent-engine/sprints/sprint-4-engine-config-inference/SAE-402-node-roles-standalone-coordinator-runner.md,,documentation,retain-review-in-context,mechanical-census,1335,a70c4dbd595cb7c2c90fc1743a5a2a11b05e3fc8e004c5610d9ca4551ffe3dad
docs/epics/standing-agent-engine/sprints/sprint-4-engine-config-inference/SAE-403-decoupled-gpu-inference-routing.md,,documentation,retain-review-in-context,mechanical-census,1340,5c25fc6490aa077a776ef20eb09f1392e895c39329a4b6dfa1a0a4b346128d88
docs/epics/standing-agent-engine/sprints/sprint-4-engine-config-inference/SAE-404-moveable-volume-state-checkpoint.md,,documentation,retain-review-in-context,mechanical-census,1634,ba7937086ab6a88674d56eef53d529dc524b555bcb481fdfe35a32ed0d95c416
docs/epics/standing-agent-engine/sprints/sprint-5-fleet-portal-experience/SAE-501-fleet-creation-api.md,,documentation,retain-review-in-context,mechanical-census,1394,2bd02b3d4bf074c0247b8b6680a9e122a164b9ea59397a79b1fc45b581561438
docs/epics/standing-agent-engine/sprints/sprint-5-fleet-portal-experience/SAE-502-zero-compute-thought-telemetry.md,,documentation,retain-review-in-context,mechanical-census,1383,4563ae6a3014e06f8d3196c32b4600cd4524f1c41f9b830f057753c251c39666
docs/epics/standing-agent-engine/sprints/sprint-5-fleet-portal-experience/SAE-503-operator-control-surface-intent-steering-estop.md,,documentation,retain-review-in-context,mechanical-census,1797,600779c7c81767e22d69ded1f401fc845872096183d02fb872381cd444b26d47
docs/epics/standing-agent-engine/sprints/sprint-7-agent-reliability-and-agency/CONTRACT.md,,documentation,retain-review-in-context,mechanical-census,7369,de032752948be318fa072b605c1eaac438a12984b79e4e4051a0f9081f517e07
docs/epics/standing-agent-engine/sprints/sprint-7-agent-reliability-and-agency/README.md,,documentation,retain-review-in-context,mechanical-census,10890,bd1caf8392cfcd168871aa2a8b6070327c318957c13ed55b77c2806770831bec
docs/epics/standing-agent-engine/sprints/sprint-7-agent-reliability-and-agency/SAE-701.md,,documentation,retain-review-in-context,mechanical-census,2304,33811644c229fd0fc788e140a00b43157c6764b422ddb3f9ff1025c2457f6013
docs/epics/standing-agent-engine/sprints/sprint-7-agent-reliability-and-agency/SAE-702.md,,documentation,retain-review-in-context,mechanical-census,2890,ea34343b51918614711d962653b65c8220ff240e58ed61f9ab8304723aa5b135
docs/epics/standing-agent-engine/sprints/sprint-7-agent-reliability-and-agency/SAE-703.md,,documentation,retain-review-in-context,mechanical-census,2671,5ac6908d64bf77fb21f59e56b8738a8963a29b5da382d6526ce859c092d2f3cd
docs/epics/standing-agent-engine/sprints/sprint-7-agent-reliability-and-agency/SAE-704.md,,documentation,retain-review-in-context,mechanical-census,2130,e05dd296c60a617260e7049443ae876872b5d445f3ccd9e07cf1a7f3df95b900
docs/epics/standing-agent-engine/sprints/sprint-7-agent-reliability-and-agency/SAE-705.md,,documentation,retain-review-in-context,mechanical-census,2176,6d861a4779a29b0937a8bc7777ccc6318384e0d6e0012500fd6b1bacfe8115da
docs/epics/standing-agent-engine/sprints/sprint-7-agent-reliability-and-agency/SAE-706.md,,documentation,retain-review-in-context,mechanical-census,2657,33c18cd0d6e09cf97f351494a18d7897357f22220e88de4eae0aeaae2ce5385b
docs/epics/standing-agent-engine/sprints/sprint-7-agent-reliability-and-agency/SAE-707.md,,documentation,retain-review-in-context,mechanical-census,2618,27e30e1564282030456ed26d6a3ece8ad689936cc78794c47c5af55d58de74bd
docs/epics/standing-agent-engine/sprints/sprint-7-agent-reliability-and-agency/SAE-708.md,,documentation,retain-review-in-context,mechanical-census,2579,543c504b3f0066402785a7b6db4187568d159193b6641b97eb881707575ad346
docs/epics/standing-agent-engine/sprints/sprint-7-agent-reliability-and-agency/SAE-709.md,,documentation,retain-review-in-context,mechanical-census,1582,53555d949b136245d31de2059ac52b3e01514bc297af2dd3c4e262514edfd27f
docs/epics/standing-agent-engine/sprints/sprint-7-agent-reliability-and-agency/SAE-710.md,,documentation,retain-review-in-context,mechanical-census,1518,fe305b463e3dd9d8194b6cd76f7422cfd479effb069ef531d9815823003b140d
docs/epics/standing-agent-engine/sprints/sprint-7-agent-reliability-and-agency/SAE-711.md,,documentation,retain-review-in-context,mechanical-census,1611,ac15d22238639e7acc05723d6c47c31d6d78aebe704481367fb5c1991323c69e
docs/epics/standing-agent-engine/sprints/sprint-7-agent-reliability-and-agency/SAE-712.md,,documentation,retain-review-in-context,mechanical-census,1645,ad32a6194f1af3c442c1b36a3bf06ffbdddeaad2a1dbd9359ec33b6616a19b5b
docs/epics/the-village/README.md,,documentation,retain-review-in-context,mechanical-census,6913,7145840d6b7840ebdbf1e28efa12b59ad37f5fdd1e1259e46491935ea9a4faa3
docs/epics/the-village/sprints/sprint-1-single-agent-local-loop/VIL-101-protocol-wire-specification.md,,documentation,retain-review-in-context,mechanical-census,2224,8e3754abf1ad480b1e4a8553e7e690bcb20e7daac19c8d03027974299c1a902b
docs/epics/the-village/sprints/sprint-1-single-agent-local-loop/VIL-102-village-world-adapter.md,,documentation,retain-review-in-context,mechanical-census,1610,c8b4c7c5a767968574db7cf837c8999f969a1bc23aeef354daee1b378d1cf973
docs/epics/the-village/sprints/sprint-1-single-agent-local-loop/VIL-103-single-agent-local-sanity-test.md,,documentation,retain-review-in-context,mechanical-census,1876,edf94f7897e28e3c5ea4df0c37776c4e2203018891a4d85b3bb3684a0dc6d46e
docs/epics/the-village/sprints/sprint-2-authoritative-world-server/VIL-201-scaffold-colyseus-world-server.md,,documentation,retain-review-in-context,mechanical-census,1552,3e5eca4e03e9aee9c3e32b02e548f8443f2e6ac0f187effdab255d5012bf596e
docs/epics/the-village/sprints/sprint-2-authoritative-world-server/VIL-202-authoritative-grid-pathfinding.md,,documentation,retain-review-in-context,mechanical-census,1522,704f9818cbd3e2764fa92e0ccda74533fb0732d3e4864f561f6287d39ed14e32
docs/epics/the-village/sprints/sprint-2-authoritative-world-server/VIL-203-tetonic-gateway-websocket-bridge.md,,documentation,retain-review-in-context,mechanical-census,1449,b1a40104937b176d0dd50b4a4b1fdfc0a9b42f472e5268190db0a6d3abbc9f51
docs/epics/the-village/sprints/sprint-3-generative-world-mechanics/VIL-301-modifiable-canvas-construction.md,,documentation,retain-review-in-context,mechanical-census,2648,cd273e00eaaffd454456b6ea1b23a901940b2c42d760937d5923f79694484dd2
docs/epics/the-village/sprints/sprint-3-generative-world-mechanics/VIL-302-resource-economy-supply-graph.md,,documentation,retain-review-in-context,mechanical-census,1657,ea2ab843ba5b64fbecac916f0a3f3f8ef7d00c85cd50cfd383e5e712ba6a5bd9
docs/epics/the-village/sprints/sprint-3-generative-world-mechanics/VIL-303-spatial-information-notice-board.md,,documentation,retain-review-in-context,mechanical-census,1599,3f5b447fd2b1868aadfbcdfa5c4da226bb967bd2bb06f0d232ff349697eac31c
docs/epics/the-village/sprints/sprint-3-generative-world-mechanics/VIL-304-visitor-object-creation-and-discovery.md,,documentation,retain-review-in-context,mechanical-census,2638,95d6c41e244679410a05178fee3a5f8b8c28c51b71b026b4b5f1440d77cc6c2c
docs/epics/the-village/sprints/sprint-4-spectator-view-integration/VIL-401-pixi-colyseus-room-sync.md,,documentation,retain-review-in-context,mechanical-census,1368,6d6540df5ae97f625ee367496c88177a6b88533193cd8efa9730f5efb7fe92d6
docs/epics/the-village/sprints/sprint-4-spectator-view-integration/VIL-402-live-thought-inspector-hud.md,,documentation,retain-review-in-context,mechanical-census,1535,1a78e46decd1710bf5f04a7524d0133e55bc047be6fa2e38a0e5adedaad58eb9
docs/epics/the-village/sprints/sprint-4-spectator-view-integration/VIL-403-dynamic-construction-rendering.md,,documentation,retain-review-in-context,mechanical-census,1656,1a1291b89331bc8df03207e874276fec5b3f542ae8aa0620d3bc07462d600453
docs/epics/the-village/sprints/sprint-5-looking-glass-experiment-launch/VIL-501-looking-glass-visitor-conduit.md,,documentation,retain-review-in-context,mechanical-census,2211,6d3998973cbb4eb60d83548cf9f6cb43a7569a370dec5f303fb51ce2ffdb4fd4
docs/epics/the-village/sprints/sprint-5-looking-glass-experiment-launch/VIL-502-founding-trio-fleet-bootstrap.md,,documentation,retain-review-in-context,mechanical-census,1733,b37b5bd78403c82fd7164379680e410c232217e79a3749db15c529e5f93f5cac
docs/epics/the-village/sprints/sprint-5-looking-glass-experiment-launch/VIL-503-24h-soak-test-safety-verification.md,,documentation,retain-review-in-context,mechanical-census,1773,ddcd8559cdab208f0b7c36eefe7c10e45067402fee1088168e096398b5b0e285
docs/epics/the-village/sprints/sprint-6-production-deployment-and-soak-test/VIL-601-production-deployment-architecture.md,,documentation,retain-review-in-context,mechanical-census,2054,76c03dc403d977f7fd3e41a924cb2d46dfc7115775e10e63a513b1d96f108129
docs/epics/the-village/sprints/sprint-6-production-deployment-and-soak-test/VIL-602-deployment-orchestration-and-monitoring.md,,documentation,retain-review-in-context,mechanical-census,1834,0a7d269ae1c21ea4a692d1d47c7f0a9ff54f13425864f12b2e28f257092011b6
docs/epics/the-village/sprints/sprint-6-production-deployment-and-soak-test/VIL-603-24h-production-soak-and-cost-audit.md,,documentation,retain-review-in-context,mechanical-census,1530,bc577e76962b48d724f0011d172dcafa3ac8261844edc1eabe867d077ec5fa98
docs/implementation/contracts/agent-rpc-v1.md,,documentation,retain-review-in-context,mechanical-census,23337,e2b2be150a9105f614d43011b0b2986b9c9fb17f2c8b2d4c4f8104e4fc88f758
docs/implementation/contracts/capacity-profile-v1.md,,documentation,retain-review-in-context,mechanical-census,6380,3514d06ebb5d416481bffb9d5638eab06eaf81b2cd1fcda5180fc54c952edf89
docs/implementation/contracts/circle-v1.md,,documentation,retain-review-in-context,mechanical-census,3423,916feddfc1c306955673d4ae3b1d8d2f245c358fd4a8c954f1c7202565dbae1c
docs/implementation/contracts/code-index-v1.md,,documentation,retain-review-in-context,mechanical-census,13729,12b94b89041d36d9db4a25285b444eda20c76a5fa07809e20483e67d933abc8b
docs/implementation/contracts/coding-tools-v1.md,,documentation,retain-review-in-context,mechanical-census,11739,e598bc191003ad9bff563e207249be9a85f5f72b105da201d91a60c2679f0f6a
docs/implementation/contracts/egress-guard-v1.md,,documentation,retain-review-in-context,mechanical-census,10995,f59b7be0365d5e24437343b54568e0cb8ffc01c20e53f573c300f3dcdcc44eee
docs/implementation/contracts/estate-v1.md,,documentation,retain-review-in-context,mechanical-census,4927,b42399dea4d3d7a3082e3a1380335164a9b682ae888e3b2f1576c35e9e75f45b
docs/implementation/contracts/execution-contract-v1.md,,documentation,retain-review-in-context,mechanical-census,3039,b08fe875977ccdd5e276b82e1103ca096e164035f25ecd90a33023745e4b7b5b
docs/implementation/contracts/fabric-compatibility-matrix.md,,documentation,retain-review-in-context,mechanical-census,3014,0b40f6106c0763cb35032c0dedf744a7cb626a9e25d3164f4290bbc0954718ec
docs/implementation/contracts/fabric-protocol-v1.md,,documentation,retain-review-in-context,mechanical-census,4004,a59d4cfce728e6014714a01fba419fe870e2ea1b9e6a3a83c1a41cba2998e8bd
docs/implementation/contracts/fabric-transport-v1.md,,documentation,retain-review-in-context,mechanical-census,7043,a751a838b49bc7641ff9c3344bcc5a01d56082ba8a411c3bd94800c31fdbd701
docs/implementation/contracts/inference-fabric-v1.md,,documentation,retain-review-in-context,mechanical-census,13621,e76a9ff9540bd817a399a42947cd2bae7f808ac47507044e09164aad28871f83
docs/implementation/contracts/ingress-guard-v1.md,,documentation,retain-review-in-context,mechanical-census,3189,a70f56635acf33f20098bb48f410552b8210400784716bcb36081967d15baa55
docs/implementation/contracts/memory-store-v2.md,,documentation,retain-review-in-context,mechanical-census,18865,f766724ba4ca40018c80d81609602d923b8eae258ccac0398b5b1c758fe2a3a8
docs/implementation/contracts/node-enrollment-v1.md,,documentation,retain-review-in-context,mechanical-census,9020,19ac6287b68b95dc0d93ea3dfdf031ae08c0eae154f89feb14da0cbf56a23374
docs/implementation/contracts/policy-engine-v1.md,,documentation,retain-review-in-context,mechanical-census,2666,2473d25ec342854728a771fe3a997732f7263c598e1c5c790d83bc932ce49110
docs/implementation/gates/GATE-privacy-sovereignty.md,,documentation,retain-review-in-context,mechanical-census,7301,25c8351cf44f0f0f562f19100afa2bdba126b84d272993163d720078b40433b6
docs/implementation/gates/GATE-sanitization-security.md,,documentation,retain-review-in-context,mechanical-census,2719,7c45932d09c0f2f1caa75412ad7812170d7b2d3eed4542fb3b21551073a91a26
docs/testing/evaluation_corpus_spec.md,,documentation,retain-review-in-context,mechanical-census,1594,376a778d5b7aae6cdc22d503de413e6ae176384aefa5a9d69d335fb2c21b169e
docs/testing/parity_test_inventory.md,,documentation,retain-review-in-context,mechanical-census,1695,d60420d6a929b698d10ca9216db9b973b7df602b3a91d9bf1545b63cff4e007d
engine/Cargo.lock,,repository-support,retain-review-in-context,mechanical-census,130737,37ba1b6b86343178ae627d0e32f5e63f5d39cfadda0877239cc4061c808f690c
engine/Cargo.toml,,repository-support,retain-review-in-context,mechanical-census,1903,86976dc0f5bd3207c71f3e38655262d4bd534d3ef7aa515e107aaa08b6554de3
engine/README.md,,repository-support,retain-review-in-context,mechanical-census,4236,bb03edb9ab2bb844dcf0293c10b5163a503e4ecf7c091efe5e4ac7f02dc59af0
engine/atmos/README.md,,repository-support,retain-review-in-context,mechanical-census,973,bf3e9f8825c6f7766c89a4a5114c762ed00eeef0649aa6f7a95205a956ee29f2
engine/atmos/tetonic-egress/Cargo.toml,tetonic-egress,workspace-package,keep-integrate,mechanical-census,1008,7b90257e11eb79c50c3311000f11294be4a3776c9c0cc5b5a5ce16efef93a743
engine/atmos/tetonic-egress/README.md,tetonic-egress,workspace-package,keep-integrate,mechanical-census,1952,a95424dfc695cd0a9ab92539a7b332dae6691a9eb56a10f15ce3818605652178
engine/atmos/tetonic-egress/src/hosted.rs,tetonic-egress,workspace-package,keep-integrate,mechanical-census,14777,b850999dd31f843f08b3b807744a47c23b75d0f72ab7298a71d3325f4e06f2be
engine/atmos/tetonic-egress/src/lib.rs,tetonic-egress,workspace-package,keep-integrate,mechanical-census,30788,3c1cb5df345a03b9feca9eaac4f4dae7d5a5a43cf552380bed6a85984164a464
engine/atmos/tetonic-egress/src/ndjson.rs,tetonic-egress,workspace-package,keep-integrate,mechanical-census,4457,a8ef974bd949194f433eb34bf886c65f29d3fea40b64c3c258d03511797935f1
engine/atmos/tetonic-egress/src/pinned_tls.rs,tetonic-egress,workspace-package,keep-integrate,mechanical-census,3304,57d7d488a869de3c0eca73122c94e66d9e07d033414a781735e05911829ebf55
engine/atmos/tetonic-fabric-client/Cargo.toml,tetonic-fabric-client,workspace-package,reshape,mechanical-census,1718,20ee1864c869fb145cfd8a41ee5a3e64b34a40712269d45256aaf0d3796efb9a
engine/atmos/tetonic-fabric-client/README.md,tetonic-fabric-client,workspace-package,reshape,mechanical-census,4516,aa53e85d668cacd71ff9b0eda98d7f6272750d561005bc85470063c8ed772e27
engine/atmos/tetonic-fabric-client/src/capability_registry.rs,tetonic-fabric-client,workspace-package,reshape,mechanical-census,204,6129c707307e29d3275d2408b63b09c852c6d6302fbe6c6ffd35647c4d78ebc6
engine/atmos/tetonic-fabric-client/src/client.rs,tetonic-fabric-client,workspace-package,reshape,mechanical-census,16272,a77103bbe7e810e8066a3c6247e4d352cc4e342bb347f31c683fa18ad9b69fa0
engine/atmos/tetonic-fabric-client/src/disposition_persist.rs,tetonic-fabric-client,workspace-package,reshape,mechanical-census,2989,b89fedb7d3f939c4f252215bde72adc2e23af5295c80bc5584311bd1109414d9
engine/atmos/tetonic-fabric-client/src/legacy.rs,tetonic-fabric-client,workspace-package,reshape,mechanical-census,59634,5c69f53530e9c55d29181fbf8c9bbbaf2688008d1f8fb88d2b81e6770b66252a
engine/atmos/tetonic-fabric-client/src/legacy_adapter.rs,tetonic-fabric-client,workspace-package,reshape,mechanical-census,8840,a55d0d199e1a28cafabc916cfad9b7d9dcc18efd8f5b52e001221bf5d6766798
engine/atmos/tetonic-fabric-client/src/legacy_result.rs,tetonic-fabric-client,workspace-package,reshape,mechanical-census,31742,15198df2b65805a6bfe8c9f103ff2ee3b1f868939bebeafaa9bacaac24909ed4
engine/atmos/tetonic-fabric-client/src/legacy_tests.rs,tetonic-fabric-client,workspace-package,reshape,mechanical-census,13022,244c141f68306c8d471db98e4f231b3815aa93dd070295f53490ea9c8759d211
engine/atmos/tetonic-fabric-client/src/lib.rs,tetonic-fabric-client,workspace-package,reshape,mechanical-census,780,07c8d302908b316270339e918b5874c98bac1ae74400240ddc37949ddfc0bb07
engine/atmos/tetonic-fabric-client/src/lifecycle_client.rs,tetonic-fabric-client,workspace-package,reshape,mechanical-census,8401,dea2c125af27ceba6af612cae02d7835c42484a7c318f8d55d75bd07a95ac0b7
engine/atmos/tetonic-fabric-client/src/memory_persist.rs,tetonic-fabric-client,workspace-package,reshape,mechanical-census,8788,0036fd735c00749b92e1eaa36ee5ebc24c6c67c3588aef0d00a972dd5dc7f658
engine/atmos/tetonic-fabric-client/src/owner_activity.rs,tetonic-fabric-client,workspace-package,reshape,mechanical-census,1779,9ea56b2c25e712adb300b43222038796877e34b8dd206f8e411531acd47b0ea4
engine/atmos/tetonic-fabric-client/src/protocol.rs,tetonic-fabric-client,workspace-package,reshape,mechanical-census,6465,ca227a7c6447c0d5cf4a708127cff7ae03fe3a804c85c179e3913d65492245e9
engine/atmos/tetonic-fabric-client/src/result_accept.rs,tetonic-fabric-client,workspace-package,reshape,mechanical-census,13273,a0dd69138bcd879af1af1e0c71f0b73e226dba450cd68eedd8b9afb96edbda7c
engine/atmos/tetonic-fabric-client/src/result_sign.rs,tetonic-fabric-client,workspace-package,reshape,mechanical-census,4170,179ca2b176da990926ac7ae7cd8e7cd429c1cd51ebfd76cbe2ecdb570e25e853
engine/atmos/tetonic-fabric-client/src/run_bridge.rs,tetonic-fabric-client,workspace-package,reshape,mechanical-census,639,301c283b6dec953eb97123f141d66543199c5a232d5413d3753a255d13245830
engine/atmos/tetonic-fabric-client/src/tls_handshake.rs,tetonic-fabric-client,workspace-package,reshape,mechanical-census,4528,f27a0eb20057796032af874edcecb327891b219fa7ae1497252bb30b5e041f40
engine/atmos/tetonic-fabric-client/src/verification.rs,tetonic-fabric-client,workspace-package,reshape,mechanical-census,9769,1439fe4fc925e9dc8405ba02a753108f3f2e57f512deaa0b495ff56a97a8f7e2
engine/atmos/tetonic-fabric-client/tests/aud01_characterization.rs,tetonic-fabric-client,workspace-package,reshape,mechanical-census,1643,4eaea1aa50a45506834485438a6e3afc5d41826c20f3662fb010637384367b0c
engine/atmos/tetonic-fabric-client/tests/audit_20260919.rs,tetonic-fabric-client,workspace-package,reshape,mechanical-census,4937,7dcfe5af47e4403f6407a1b8cc6e0c667c86a1f2780e9d47564d02c495e6aeb1
engine/atmos/tetonic-fabric-client/tests/common/patch_pipeline.rs,tetonic-fabric-client,workspace-package,reshape,mechanical-census,4582,afb4a586c8d4cda6abe6ebec8970280248192759523d7ab843a4d08686ea48bc
engine/atmos/tetonic-fabric-client/tests/result_accept_adversarial.rs,tetonic-fabric-client,workspace-package,reshape,mechanical-census,29087,4de4d1ce80710cdd8f419bea02c1bf616667e8004389a1b937090a42885e8294
engine/atmos/tetonic-fabric-protocol/Cargo.toml,tetonic-fabric-protocol,workspace-package,keep-generalize,mechanical-census,815,5eb3c9ff2950cb4b394ccfbfb13cd8442e44f40156dbf2f7a69b43e4644b1a79
engine/atmos/tetonic-fabric-protocol/src/bounds.rs,tetonic-fabric-protocol,workspace-package,keep-generalize,mechanical-census,2081,41f2c716ce56c568a9aec69a7e816e34faef23b8db9a2cc7e0bf24da3e740f2b
engine/atmos/tetonic-fabric-protocol/src/cancellation.rs,tetonic-fabric-protocol,workspace-package,keep-generalize,mechanical-census,2588,30b18ca14b3773127bb1714ba2088f99194d784437466766191d7e68655b7631
engine/atmos/tetonic-fabric-protocol/src/canonical.rs,tetonic-fabric-protocol,workspace-package,keep-generalize,mechanical-census,3251,c89d68beabe745ac7e62eb75f195aed283e1aa99ae763a709ebd6383661836af
engine/atmos/tetonic-fabric-protocol/src/capabilities.rs,tetonic-fabric-protocol,workspace-package,keep-generalize,mechanical-census,1471,7a3bd94b7d520764b257fd13108e0f32b3e87e8370e2d1dfbbf799915255d71f
engine/atmos/tetonic-fabric-protocol/src/capability_document.rs,tetonic-fabric-protocol,workspace-package,keep-generalize,mechanical-census,16350,71bd00847ea6b6ffa5df43cc97451904251a6a9366f7195e0a3836080fe149db
engine/atmos/tetonic-fabric-protocol/src/capability_metrics.rs,tetonic-fabric-protocol,workspace-package,keep-generalize,mechanical-census,940,ca0931223f05de1b0d442134ac9fc2557c369a3fc2420b656f863f206aeb0cdf
engine/atmos/tetonic-fabric-protocol/src/capability_model_match.rs,tetonic-fabric-protocol,workspace-package,keep-generalize,mechanical-census,3202,094c2fa230492b238bc54fc43b135c43a58266b89e4d5911f0c6cb2b85d9bf9b
engine/atmos/tetonic-fabric-protocol/src/capability_probes.rs,tetonic-fabric-protocol,workspace-package,keep-generalize,mechanical-census,11405,bdda790e3cba7c0cb787773b61769c1a07665b486b44da826673c2b1476c5094
engine/atmos/tetonic-fabric-protocol/src/capability_registry.rs,tetonic-fabric-protocol,workspace-package,keep-generalize,mechanical-census,19177,ab81e6f85c4dc7e1f34d7866d44a65349bfb9a1d022531da15168284136ae920
engine/atmos/tetonic-fabric-protocol/src/capability_summary.rs,tetonic-fabric-protocol,workspace-package,keep-generalize,mechanical-census,2251,96e74255bf9039efdf3199ba0b67b9fc33d846dae2330471de911af9d1f43be9
engine/atmos/tetonic-fabric-protocol/src/capability_validate.rs,tetonic-fabric-protocol,workspace-package,keep-generalize,mechanical-census,5540,f99fb7c866e7e0d9ddfe517d751ec8a9c33b3188894e0df71d713875c7241787
engine/atmos/tetonic-fabric-protocol/src/decode.rs,tetonic-fabric-protocol,workspace-package,keep-generalize,mechanical-census,2533,4b372bf2f384c3315dd8f1a85cb57d2a750f9ac5b143cac4064e003deba3070d
engine/atmos/tetonic-fabric-protocol/src/envelope.rs,tetonic-fabric-protocol,workspace-package,keep-generalize,mechanical-census,1650,e517b07d995f7028adf843818bb65bef64e132d4c0aae9decf219fcd0c217751
engine/atmos/tetonic-fabric-protocol/src/error.rs,tetonic-fabric-protocol,workspace-package,keep-generalize,mechanical-census,973,8b3758fde1c02ae11e906bfa47641e15e43da2bfd05b9851c2d4f29f234c0f3b
engine/atmos/tetonic-fabric-protocol/src/ingress.rs,tetonic-fabric-protocol,workspace-package,keep-generalize,mechanical-census,5268,79c486cee8b02f117488a11d105e411b8e8e55469b8d9d939f40477e2361a9ab
engine/atmos/tetonic-fabric-protocol/src/job.rs,tetonic-fabric-protocol,workspace-package,keep-generalize,mechanical-census,3210,4ed3a44edc9cdf0e9abbef358960b1394eb351c43252431cb4869e134639c911
engine/atmos/tetonic-fabric-protocol/src/lease.rs,tetonic-fabric-protocol,workspace-package,keep-generalize,mechanical-census,597,c11e44e1e8aa09338b28d37b079e30f7c966aba6ee505433559020a0f57ce217
engine/atmos/tetonic-fabric-protocol/src/lib.rs,tetonic-fabric-protocol,workspace-package,keep-generalize,mechanical-census,1245,0f9ff6f8619cb40073fbd9622500c6eccf82bea55849e4ea6aa405898a42e6b0
engine/atmos/tetonic-fabric-protocol/src/lifecycle.rs,tetonic-fabric-protocol,workspace-package,keep-generalize,mechanical-census,3273,145e27423588b33f4ab64a662e4ed60b4f95f2f04daa7baa5dd32d75fcb464f4
engine/atmos/tetonic-fabric-protocol/src/negotiation.rs,tetonic-fabric-protocol,workspace-package,keep-generalize,mechanical-census,1996,d0fe698baed78dcf183cac017a9750f05646dfce60744092b6c89ae0b16853b4
engine/atmos/tetonic-fabric-protocol/src/result.rs,tetonic-fabric-protocol,workspace-package,keep-generalize,mechanical-census,3753,9527c2cb59ee459ba20602526a2855fa4d6006fdc40671aad8a85a072eabed8e
engine/atmos/tetonic-fabric-protocol/src/result_crypto.rs,tetonic-fabric-protocol,workspace-package,keep-generalize,mechanical-census,3559,65e6e74192661007ace254ade495dd747f60f3e181f10558a7c9ec583348d284
engine/atmos/tetonic-fabric-protocol/src/result_disposition.rs,tetonic-fabric-protocol,workspace-package,keep-generalize,mechanical-census,2271,393bb1c355c44242dbca695358f3e0ddb2ab8c5d119e95ad3a4baf56cba28e32
engine/atmos/tetonic-fabric-protocol/src/result_keys.rs,tetonic-fabric-protocol,workspace-package,keep-generalize,mechanical-census,3809,c17052987577936213940abaf7624c043f9046ceed88db8e1c33cd161eab73dc
engine/atmos/tetonic-fabric-protocol/src/result_validate.rs,tetonic-fabric-protocol,workspace-package,keep-generalize,mechanical-census,8296,d6d4d48f622883eaa209a0f2b8cd905d6808c1dd5914db11349eb79dbfcdc16d
engine/atmos/tetonic-fabric-protocol/src/validate.rs,tetonic-fabric-protocol,workspace-package,keep-generalize,mechanical-census,9757,6d94ddc8c0972e40b8ea9a88064b8702bf8dec3e3c7c3273bdae3a516e0baa99
engine/atmos/tetonic-fabric-protocol/tests/capability_conformance.rs,tetonic-fabric-protocol,workspace-package,keep-generalize,mechanical-census,11063,78dd010beba697fb5d6daa15e7891469c6331903ed485eea53d48b0266405efa
engine/atmos/tetonic-fabric-protocol/tests/conformance.rs,tetonic-fabric-protocol,workspace-package,keep-generalize,mechanical-census,16573,082056c844088913146384c9336dc7d3fa808395ddf4250f50b8ec1a5b34e49f
engine/atmos/tetonic-fabric-protocol/tests/fuzz_decode.rs,tetonic-fabric-protocol,workspace-package,keep-generalize,mechanical-census,1523,2aa67a73fe0d9620da7ff277045008a13d6bf36488fcc367ef9c19f10b57ba8b
engine/atmos/tetonic-fabric-protocol/tests/result_integrity.rs,tetonic-fabric-protocol,workspace-package,keep-generalize,mechanical-census,14401,9f5ac1d2aad84f5153cf85e65146404ee076e1c8e970f48e3b28f1a1671fef7e
engine/atmos/tetonic-inference/Cargo.toml,tetonic-inference,workspace-package,keep-integrate,mechanical-census,956,d13a54a1d8314e3f5c4ca6826e25eab7b3744e89a7062f1484722eb9b25a03b7
engine/atmos/tetonic-inference/HOSTED.md,tetonic-inference,workspace-package,keep-integrate,mechanical-census,5723,bcb041376591f16b72b199e788c314aeebf98eddc5676850aed6b6da09280b85
engine/atmos/tetonic-inference/README.md,tetonic-inference,workspace-package,keep-integrate,mechanical-census,5413,04b07bfefd73ea290e821f8d094e292ad58522e8c22e244677170f18b88c9113
engine/atmos/tetonic-inference/src/attempt.rs,tetonic-inference,workspace-package,keep-integrate,mechanical-census,15503,ab4dea1c135e3a0f2c52a9f6e2ee3245165b75ac576615351849500a6c79c58d
engine/atmos/tetonic-inference/src/compute_registry.rs,tetonic-inference,workspace-package,keep-integrate,mechanical-census,6477,f2dd6378461321ff6ac3df917d4848e76c093508bdf6f31b2ea8685be0348f44
engine/atmos/tetonic-inference/src/decoupled.rs,tetonic-inference,workspace-package,keep-integrate,mechanical-census,15289,05a6ca4242ab8ccf80d32fb5380f699904150c12884be8033fa5580082ffd17e
engine/atmos/tetonic-inference/src/dispatch.rs,tetonic-inference,workspace-package,keep-integrate,mechanical-census,23136,ad30391af84350c25c7b5be24496f4cfd751de3d70dd6015f82c355cdd3aa71c
engine/atmos/tetonic-inference/src/fabric.rs,tetonic-inference,workspace-package,keep-integrate,mechanical-census,13123,d3a75e1ca2c28d06bea45eeeefe10c70620f8f0024e9c475d9c9e72b4649689b
engine/atmos/tetonic-inference/src/fabric_node_provider.rs,tetonic-inference,workspace-package,keep-integrate,mechanical-census,1764,631b4ae7cd2f873b01bf94f06818d7f14ec1e0812ffac18bf5b7cd137dd276b6
engine/atmos/tetonic-inference/src/hosted.rs,tetonic-inference,workspace-package,keep-integrate,mechanical-census,9132,1deec23c132d2e0ae95371abf3e057c289c0bc0bf69e29bc91d0ca10874a9d59
engine/atmos/tetonic-inference/src/hosted/anthropic.rs,tetonic-inference,workspace-package,keep-integrate,mechanical-census,18056,06607096d4b77d10cf016d20829d4c7dd9d91f1382684eb18ed1df4115608d71
engine/atmos/tetonic-inference/src/hosted/openai.rs,tetonic-inference,workspace-package,keep-integrate,mechanical-census,8136,9826296a7db8f779fc4d624c4f427ff910a9378d38d1dda01eae3b623097e66b
engine/atmos/tetonic-inference/src/hosted/registry.rs,tetonic-inference,workspace-package,keep-integrate,mechanical-census,6228,ba5a034c8be3c31fd55bf758f008195dc54c5920b1de117a8006c0e7893614dd
engine/atmos/tetonic-inference/src/hosted/tests.rs,tetonic-inference,workspace-package,keep-integrate,mechanical-census,11622,f9cdc73930a160230deb79314f8b935f5c3791f0f17f968292ce081127a07dfb
engine/atmos/tetonic-inference/src/hosted/wire.rs,tetonic-inference,workspace-package,keep-integrate,mechanical-census,906,ad642d6c8b0d3efe1a2f4a7eecd95a51f6a213e1369d7e926db3be298fe9d5ce
engine/atmos/tetonic-inference/src/lib.rs,tetonic-inference,workspace-package,keep-integrate,mechanical-census,69694,e74bbf9072c90b1d50717f7866d3565d64fbe3e3851bb6b37b61fdaf83c2311d
engine/atmos/tetonic-inference/src/performance_tests.rs,tetonic-inference,workspace-package,keep-integrate,mechanical-census,8269,31bdad3735059ce1f498d6731bb784ce33f15438fed82ebe451d33977cb2a8eb
engine/atmos/tetonic-inference/src/placement.rs,tetonic-inference,workspace-package,keep-integrate,mechanical-census,1275,987d8419cbbf0e6c28b15b6abd1b1710117785731486893b119b36b7da22fd9b
engine/atmos/tetonic-inference/src/placement_engine.rs,tetonic-inference,workspace-package,keep-integrate,mechanical-census,32478,02f891908f1549fabafb90b19e702a61618f2ba802148d7411a83a105c560644
engine/atmos/tetonic-inference/src/pooled.rs,tetonic-inference,workspace-package,keep-integrate,mechanical-census,98618,5c2a2ef1cfa8044f1cd4003aac5cbb8025fbd92598707d876a4dddddc994c34d
engine/atmos/tetonic-inference/src/residency.rs,tetonic-inference,workspace-package,keep-integrate,mechanical-census,4775,f95309c8a0c816c2d528559d62c115518f38fe2fcc90cb122fc4b2c8c024ec81
engine/atmos/tetonic-inference/src/snapshot_tests.rs,tetonic-inference,workspace-package,keep-integrate,mechanical-census,8134,06c6dd00973e468c3a558c501747e77f760281b0a447906b3df521230736f07e
engine/atmos/tetonic-inference/src/warmup_tests.rs,tetonic-inference,workspace-package,keep-integrate,mechanical-census,10867,234f405e424c8fc44b60098b2ca085a1b74f69703f6105c22db89670c758e91e
engine/atmos/tetonic-inference/src/worker_eligibility.rs,tetonic-inference,workspace-package,keep-integrate,mechanical-census,9275,0d67627e743c08f9e38ad5df6d570691af5ee8eae0228f5ec7f9fc602891bfc8
engine/atmos/tetonic-rpc/Cargo.toml,tetonic-rpc,workspace-package,adapt,mechanical-census,822,53a273fb280c1a1fb5959459dac6fa9f4c6486cc4a4e174b9885c28454137854
engine/atmos/tetonic-rpc/README.md,tetonic-rpc,workspace-package,adapt,mechanical-census,2217,0fb4955c98929b337f1c91bd0bc46e70eb594552b3a681464e23b1f88549c7b3
engine/atmos/tetonic-rpc/src/framing.rs,tetonic-rpc,workspace-package,adapt,mechanical-census,4869,133cd6ea3d63d6c48e3b1d6a789afcc55771ed4d5a036da09a7046b1d6f219df
engine/atmos/tetonic-rpc/src/inference.rs,tetonic-rpc,workspace-package,adapt,mechanical-census,2151,221845dc031e3b8b7279b66543cee375e2686ad2fbc53097eed026bc2cc059d6
engine/atmos/tetonic-rpc/src/lib.rs,tetonic-rpc,workspace-package,adapt,mechanical-census,9712,e1cecfc8c55cd1618f51a5893dd6eb67d5ebfa80e4c099c01c139cee750af460
engine/atmos/tetonic-rpc/src/outbound.rs,tetonic-rpc,workspace-package,adapt,mechanical-census,15072,934a30d775c72000dce7a8581a81f51d559594e8c93ce763e3a082c28e5e8b61
engine/atmos/tetonic-rpc/src/protocol.rs,tetonic-rpc,workspace-package,adapt,mechanical-census,36898,0f152556d67c90cd6b2a7c82526cb5450998c231e9cea1447c2bdd428d8acf75
engine/atmos/tetonic-rpc/src/server.rs,tetonic-rpc,workspace-package,adapt,mechanical-census,7441,b3a909dd47eb0b0f163e663b13b0899ebbb034b6485c51e10a64e84a51b6ecec
engine/atmos/tetonic-rpc/tests/audit_20260919.rs,tetonic-rpc,workspace-package,adapt,mechanical-census,2257,44351b713963adb51a41cdf9926771859084601ba88be1646f2c0008f6fc5ebb
engine/bench/DOGFOOD.md,,repository-support,retain-review-in-context,mechanical-census,1610,2466288c0c75679e0e7e261c3c566ab30141b74f0b00c0b4f7ed22370b472fde
engine/bench/README.md,,repository-support,retain-review-in-context,mechanical-census,5437,116886e39fabc350b78d7b9d46fe14a6f7e027398c7b4dfe7fb23d9d0f0533c2
engine/bench/fixtures/profile_floor_p40.example.json,,fixture,retain-review-in-context,mechanical-census,1546,6c56e778d0685591247b16191872c631b94844681686cd5654c24ea8861ce144
engine/bench/general_tasks.py,,repository-support,retain-review-in-context,mechanical-census,3026,9d949c88589c19984522196274b3976873fc058f72730dfd5e5cebb4ea31ed6c
engine/bench/infer_gate.py,,repository-support,retain-review-in-context,mechanical-census,8465,413ec7ab96a613a7960b6f87cff20bcb50715571062e6610f12e01688fa1af4d
engine/bench/llm_throughput.py,,repository-support,retain-review-in-context,mechanical-census,3689,f53235df2ffb6bf38300b9baf3b36280b694204df61799178a6c9a443584152e
engine/bench/long_context.py,,repository-support,retain-review-in-context,mechanical-census,8651,a65d023e3fbf56426afa2149eb0fa9f77e1da85a62655383d1741f47e69ae60e
engine/bench/performance_report.py,,repository-support,retain-review-in-context,mechanical-census,4079,b3e5eb74939c6cfbc62f59f3052621e6a05aa3c3335585d25d005bdfabf96c7d
engine/bench/remote_fabric.py,,repository-support,retain-review-in-context,mechanical-census,5574,6a96c96fe44f0acfbe4ac8e356fe2b2fdad2d5310f292ff2912b2072e193f887
engine/bench/residency_probe.py,,repository-support,retain-review-in-context,mechanical-census,2593,5381deeb8458b44db7b0572d8121a2487e8475b6bd368615377f1293d50d251f
engine/bench/run_suite.py,,repository-support,retain-review-in-context,mechanical-census,25093,2633cd9a415f49762be25e942308756fc6a428c01bc36fb45e2d0b983b85c889
engine/bench/test_general_tasks.py,,repository-support,retain-review-in-context,mechanical-census,1452,342b9243caf94233aef0d0b74e2c0e3681cd30009fdc84d7772726eaf8746e93
engine/bench/test_performance_report.py,,repository-support,retain-review-in-context,mechanical-census,4063,2896b89f0abb9fa1d30d761d7012d2e43d47ea50c740d15e2c2cec85304a794d
engine/bench/test_verifier_overlay.py,,repository-support,retain-review-in-context,mechanical-census,1254,ac57534bfc0ade5a178db4754b813c454a2dd285257fd810864bff9a715328c2
engine/clients/ts/protocol.ts,,repository-support,retain-review-in-context,mechanical-census,15427,c30c1242c7240e29238ba80ad0d113e4034280c207a46c870a8312d201fbe463
engine/core/README.md,,repository-support,retain-review-in-context,mechanical-census,1241,391605374888c42176d7fe212652cc573ed1e902cb9a723c8d6691d237b106ec
engine/core/tetonic-core/Cargo.toml,tetonic-core,workspace-package,reshape,mechanical-census,974,d1a3c826f9f974d21d316c5c18ca1f3e58b46280b0eb811bfbc178f550369d05
engine/core/tetonic-core/README.md,tetonic-core,workspace-package,reshape,mechanical-census,2492,529498b94b5859e22d92ad38f71dc5e4dcc4262a007bd41f1d1670c8c53bbd9f
engine/core/tetonic-core/src/agent.rs,tetonic-core,workspace-package,reshape,mechanical-census,143995,43c62e7f08491dda8559c5666df4274d9c01adfec7205f8e0e77948ec3a245b7
engine/core/tetonic-core/src/blocking_work_tests.rs,tetonic-core,workspace-package,reshape,mechanical-census,5380,40cc452233c474d98620ccf9495fbd82354354cb1f24d3800f16903771da0db0
engine/core/tetonic-core/src/checkpoint.rs,tetonic-core,workspace-package,reshape,mechanical-census,10967,511ded433ea8f5846a91640f556ee171fadfc0801db2f7742469c9d4a023243b
engine/core/tetonic-core/src/config.rs,tetonic-core,workspace-package,reshape,mechanical-census,5173,60bdc4b3a3edeece790da84fca32fd90414d3497029dd230a16740525958a5e2
engine/core/tetonic-core/src/context.rs,tetonic-core,workspace-package,reshape,mechanical-census,1058,43ae77adc9319d0aaf2f9a8f41a98b1b836e501c467c732f353db8be17b98a1e
engine/core/tetonic-core/src/conversation.rs,tetonic-core,workspace-package,reshape,mechanical-census,4488,9201d26ea7efcb6a1ec4f1780a15c323d0e2815079b97cb29de61eba2861dbb3
engine/core/tetonic-core/src/demuxer.rs,tetonic-core,workspace-package,reshape,mechanical-census,8139,875e52c5a17fd4b1c56e510e3f8e00e02986e87d703fde7789eca9e9cc0bcc0c
engine/core/tetonic-core/src/error.rs,tetonic-core,workspace-package,reshape,mechanical-census,1582,84cbdbc47cbae7df0e7d1faa883b50c1acbbb9f2b0a94b12b8c3faeee15e943b
engine/core/tetonic-core/src/filter.rs,tetonic-core,workspace-package,reshape,mechanical-census,4760,e8187295bfb04f50ea2d316f6efc4882491741d3b047cb848d60ed8b2d3b4474
engine/core/tetonic-core/src/hooks.rs,tetonic-core,workspace-package,reshape,mechanical-census,5786,c9d3ab742957cca609ecde21f1f9331b1075e27b9ccc18a379a86e30d853d0f0
engine/core/tetonic-core/src/inference_binding.rs,tetonic-core,workspace-package,reshape,mechanical-census,577,1b883de8601411aa497a05ce6ad84cdba956626e8bad823c02161851c33579d8
engine/core/tetonic-core/src/lib.rs,tetonic-core,workspace-package,reshape,mechanical-census,1639,ca7158f17bd6ba58cd878fb0f6c74210bbb923f8257924b9f938a21fffb738e8
engine/core/tetonic-core/src/monitor.rs,tetonic-core,workspace-package,reshape,mechanical-census,9140,eb2e1fd6e6e2c6e890c1862fbe57f4a37e2b90173a3c187d32c98912e0ecf96e
engine/core/tetonic-core/src/step.rs,tetonic-core,workspace-package,reshape,mechanical-census,1656,0428cf729fc74c69e850fe1377fc073820cc87c0afa8647dd433bd6df6aac5a3
engine/core/tetonic-core/src/tokenizer.rs,tetonic-core,workspace-package,reshape,mechanical-census,1926,74ce19493cbe4c901d76526a741b5f6db84320794a82bde486f8cf6f7d7c9642
engine/core/tetonic-core/src/turn.rs,tetonic-core,workspace-package,reshape,mechanical-census,3498,7c4bfc9fd7d6684b30e0851c6c861053828dc517e9601f6c65e50c9c706b12fd
engine/core/tetonic-core/tests/aud01_characterization.rs,tetonic-core,workspace-package,reshape,mechanical-census,2802,71adf5eb41d1c02b0c139d6e6cd402f5c422f2b5e4038d372b752bbe7585488e
engine/core/tetonic-core/tests/sub04_loop.rs,tetonic-core,workspace-package,reshape,mechanical-census,4302,46d79443064f15012c4ebe08f5b7eeec7cd538fba7de6bbb13ed8954f31e6ccc
engine/core/tetonic-domain/Cargo.toml,tetonic-domain,workspace-package,reshape,mechanical-census,486,f97d63eafefbab517bd678e82fe08d6653a1ce7121cfafc79497ab5e42369448
engine/core/tetonic-domain/README.md,tetonic-domain,workspace-package,reshape,mechanical-census,1398,8d109f7ab2f5e9f06962e3212f03184dd8eaccb3e0d826e4fc13180c47836344
engine/core/tetonic-domain/src/artifact.rs,tetonic-domain,workspace-package,reshape,mechanical-census,7430,bf6805098c7fc4c501214b5baa27395293e90df5e229d2440c2200a2dd1170f7
engine/core/tetonic-domain/src/brain.rs,tetonic-domain,workspace-package,reshape,mechanical-census,5827,182b69594ef817d7b31b3d34a6f7f82a23221dc62f4b6f7aac7cc73906afa87e
engine/core/tetonic-domain/src/canonical.rs,tetonic-domain,workspace-package,reshape,mechanical-census,10410,76eeaf481c8f954a365d725ce4e45943999758d5fac3e5043815b3578ad95fb5
engine/core/tetonic-domain/src/charter.rs,tetonic-domain,workspace-package,reshape,mechanical-census,10535,36e0c90d09f1b4d93be61ef10923fa2b686152e43d06c2894621b5a77099cb91
engine/core/tetonic-domain/src/checkpoint.rs,tetonic-domain,workspace-package,reshape,mechanical-census,5412,897b5e322c06df49938ae8651f4a67d6f9b95c437806e0351c0c238c63ce7a2b
engine/core/tetonic-domain/src/classify.rs,tetonic-domain,workspace-package,reshape,mechanical-census,6037,959709ba91ad670e93928b68d0d0c6d5417d02adba7bc14b75e4e93ae0f29bb6
engine/core/tetonic-domain/src/code_index.rs,tetonic-domain,workspace-package,reshape,mechanical-census,1758,7e39b2ebe316d9c0b1dccc9d55b4c1ed0ad17c2d1bd4956080839e0c019c8203
engine/core/tetonic-domain/src/context_compiler.rs,tetonic-domain,workspace-package,reshape,mechanical-census,2010,bf2b870e53f0920cb9a2b95013d1a53f8a9e258b2405be3b5b277966d47a6802
engine/core/tetonic-domain/src/dispatch.rs,tetonic-domain,workspace-package,reshape,mechanical-census,2385,19b9e330e271974127400700a14ca6dbe615a9c6f2e97743e672380b4c8bf98a
engine/core/tetonic-domain/src/engine_config.rs,tetonic-domain,workspace-package,reshape,mechanical-census,24569,10d65c03466a5c25d002309ba0549e0da9fd4b62b2e370280e5239c901d8a985
engine/core/tetonic-domain/src/execution.rs,tetonic-domain,workspace-package,reshape,mechanical-census,9323,422516a4318ba31dbe0f889a99573c812f0bf10fae59a843f8a9f0dd9567e5b3
engine/core/tetonic-domain/src/failure.rs,tetonic-domain,workspace-package,reshape,mechanical-census,6484,7f94bf114e544406bb007c2c448dc7dce34bcd57555f0e28e0fffcf6449502d4
engine/core/tetonic-domain/src/idempotency.rs,tetonic-domain,workspace-package,reshape,mechanical-census,2640,71f46917bb50ef61601ee8ad89d1668c9c035dd1726a27bf490d809c8248c84f
engine/core/tetonic-domain/src/identity.rs,tetonic-domain,workspace-package,reshape,mechanical-census,3207,4c4fb912173026e2c4e3948f5c90b121ae070a847c1ecb2782355b3b19941678
engine/core/tetonic-domain/src/ids.rs,tetonic-domain,workspace-package,reshape,mechanical-census,1718,409fc3097a2e3ec97a6f734c107937b650d23c104f455c2e56f0de4e4f10fb50
engine/core/tetonic-domain/src/invocation.rs,tetonic-domain,workspace-package,reshape,mechanical-census,6978,05fa4dd7718b33ea3c085c1a3456ea8f19d81eec9d687a781ee8cc46a53fecdd
engine/core/tetonic-domain/src/key_storage.rs,tetonic-domain,workspace-package,reshape,mechanical-census,1737,f94b39013e23e91477e94d8501a13a906cd61b3d35d5dc5cd757bd73ff038fa3
engine/core/tetonic-domain/src/lib.rs,tetonic-domain,workspace-package,reshape,mechanical-census,5227,c824952d6b24c167a5db40a7f04a2ff5f8fe81adc4ee837b52b00f59beda12b8
engine/core/tetonic-domain/src/lsp_session.rs,tetonic-domain,workspace-package,reshape,mechanical-census,694,e8e875681567eb99c2f83678d09ff4519d93511d27a936b6926aaf5c60d20aba
engine/core/tetonic-domain/src/perception.rs,tetonic-domain,workspace-package,reshape,mechanical-census,12987,431e15c9b85d6ccf64ba40b36a318db1453bd45c741b8ab0b6a7f79395e9e654
engine/core/tetonic-domain/src/placement.rs,tetonic-domain,workspace-package,reshape,mechanical-census,7456,3aabf7df79a2f140ef323361570a8aa6383b7f717ff6c0e53e3e2b81e66297f2
engine/core/tetonic-domain/src/policy.rs,tetonic-domain,workspace-package,reshape,mechanical-census,530,2cc5d125f8732325450fd0ff94a2b984ae215e65734138826f1b15c31f271745
engine/core/tetonic-domain/src/result_integrity.rs,tetonic-domain,workspace-package,reshape,mechanical-census,5485,a70ecdd384829aa57c6dba94c64b63d6fef67e287d99d13abfd6762bdc4bb002
engine/core/tetonic-domain/src/run.rs,tetonic-domain,workspace-package,reshape,mechanical-census,19300,53b7fae0ba768d6b04924fa3018d39a5d7142c1716ceba537e0a499a699e83a1
engine/core/tetonic-domain/src/secrets.rs,tetonic-domain,workspace-package,reshape,mechanical-census,2850,7f878eacd597ea78a9f1f1222455f94d35b555ff08e1ffaaae190ec3483a0ce6
engine/core/tetonic-domain/src/sinks.rs,tetonic-domain,workspace-package,reshape,mechanical-census,3095,8fc26abae95c6179e4ecf9e1f639e9d82a63ae531ce5fea0227a0e75723343be
engine/core/tetonic-domain/src/tool_host.rs,tetonic-domain,workspace-package,reshape,mechanical-census,5035,c9567d879771ba731528cf83f6efee6f4179d380fe66bb83996235299db1ea81
engine/core/tetonic-domain/src/trust.rs,tetonic-domain,workspace-package,reshape,mechanical-census,1172,2c4febaa18fd0f36c8b0583510be2dcab243d7085fe0bd3e54ea11b7e2fdeca8
engine/core/tetonic-domain/src/work_scope.rs,tetonic-domain,workspace-package,reshape,mechanical-census,2641,e4c11102fd5d5dce8a8bad8d4fac359deeb2d8a6c002424293e448213e0d19a9
engine/core/tetonic-domain/src/workspace.rs,tetonic-domain,workspace-package,reshape,mechanical-census,8063,66b56fb08c16967614ae1a48df9b916fce5d45f12225d1bf3a61be83a35a4dd7
engine/core/tetonic-domain/src/world_adapter.rs,tetonic-domain,workspace-package,reshape,mechanical-census,13686,0a96d9d8a8d608f7fbd501fdaa5e589c8d62e64980867303f780f013c8ffdaaf
engine/core/tetonic-policy/Cargo.toml,tetonic-policy,workspace-package,keep-integrate,mechanical-census,342,747e494865de0cfc643599a9254651eb7b7a978aeb76d87babc7f9242ab9d904
engine/core/tetonic-policy/README.md,tetonic-policy,workspace-package,keep-integrate,mechanical-census,3154,0daa03c87167f71f2f7862335d0705b21a321239fcba1a1ea476706bddf29f88
engine/core/tetonic-policy/src/classify.rs,tetonic-policy,workspace-package,keep-integrate,mechanical-census,15384,d43a4071790e586f4de00e6c8aa796f58d0589bbd14bfc8ae3575d9608069c8a
engine/core/tetonic-policy/src/dispatch.rs,tetonic-policy,workspace-package,keep-integrate,mechanical-census,11132,b0301f95e4052c44ccc4361a660ff9a219e0b4bed9fc49d4505be355bd41e967
engine/core/tetonic-policy/src/engine.rs,tetonic-policy,workspace-package,keep-integrate,mechanical-census,21864,0715ffb741af1d78034139d83429a5fc7d6e5d3dc89682aff18de3bf9a1b6d7e
engine/core/tetonic-policy/src/fabric.rs,tetonic-policy,workspace-package,keep-integrate,mechanical-census,686,9d81e3ca5c2a660dcdf81b58b5a9586ee7ece631b955681ade14ad5d3fd286b2
engine/core/tetonic-policy/src/hosted.rs,tetonic-policy,workspace-package,keep-integrate,mechanical-census,1350,473c47d27560882c3dee90c61eab81918ce6a1812837d3f9398a4ed2445aa05b
engine/core/tetonic-policy/src/lib.rs,tetonic-policy,workspace-package,keep-integrate,mechanical-census,3592,f5b4823a636a2b2cff6ef02dfd83cb877e87decfcdd0266fde0bb76ca19971cd
engine/core/tetonic-policy/src/mode.rs,tetonic-policy,workspace-package,keep-integrate,mechanical-census,822,94bdfb47c8e9e4c90c8702b0b84aefe0e3adfd01aa94604aa29203f3ec45609c
engine/core/tetonic-policy/src/placement.rs,tetonic-policy,workspace-package,keep-integrate,mechanical-census,7097,b944f673684ff9ef946eee62865efadb49df14abf29f97da3810b00d1aa1f178
engine/core/tetonic-policy/src/shell.rs,tetonic-policy,workspace-package,keep-integrate,mechanical-census,1450,72fe3c24e3db12daada6316b7eb028058f5f2c17814a80dfcfa442b4bf9d2231
engine/core/tetonic-runtime/Cargo.toml,tetonic-runtime,workspace-package,reshape,mechanical-census,1274,679e8739af5abc807e4d21bf1426f81e9f837a9ffc337e44edb76602bb47de5d
engine/core/tetonic-runtime/README.md,tetonic-runtime,workspace-package,reshape,mechanical-census,3374,33b3637abaacfa4ceb0bae45e1749c7f258df2756b045ff978bd1e0e1c2d5aac
engine/core/tetonic-runtime/src/action_broker.rs,tetonic-runtime,workspace-package,reshape,mechanical-census,5160,f19176022c0db43e3bf2494c0906570bf264ec0217a217e768fc29be53e5da32
engine/core/tetonic-runtime/src/approval.rs,tetonic-runtime,workspace-package,reshape,mechanical-census,1623,0a997cfba81060f00da0770577d84117451c0fd815a631d9494fc84f909152ab
engine/core/tetonic-runtime/src/assembly.rs,tetonic-runtime,workspace-package,reshape,mechanical-census,6391,15bcf76390cf8701655ca784718c1e60a15e578bb70291fae45f36e32e08ee3a
engine/core/tetonic-runtime/src/assembly_tests.rs,tetonic-runtime,workspace-package,reshape,mechanical-census,10022,f8b71dbab797c6c88f05fe17a50dab66cb6bd85a38c8cb0d2d6e5634af886cab
engine/core/tetonic-runtime/src/audit.rs,tetonic-runtime,workspace-package,reshape,mechanical-census,853,7b8b0adebb74515dbb37cfb1366a0800f3ca84854749eb6c1ce66532136e99bb
engine/core/tetonic-runtime/src/brain.rs,tetonic-runtime,workspace-package,reshape,mechanical-census,20186,75cd133f62eb623b4684ac3b2807538177e976a52a9640537bafefdb57b5e81f
engine/core/tetonic-runtime/src/build.rs,tetonic-runtime,workspace-package,reshape,mechanical-census,3556,e8055b0e71a4df578b1cad520129804c1857e8bf75b42bb7a242bbfede5726ba
engine/core/tetonic-runtime/src/capability_store.rs,tetonic-runtime,workspace-package,reshape,mechanical-census,11249,cd8b841513261e9d484f32ff0ec5d763b2333ecef2d8dd1c1249026c3eafedfe
engine/core/tetonic-runtime/src/composite_adapter.rs,tetonic-runtime,workspace-package,reshape,mechanical-census,15706,de56c9b0fdcd3a4f3ba1bc65c01d093d3d7d24335a802b3e4a2434a31a058cab
engine/core/tetonic-runtime/src/executor.rs,tetonic-runtime,workspace-package,reshape,mechanical-census,6077,7f4befed82a003521f8c3ac9a4c1730c860ecd4cbc1813325f8903b7d5ee69fa
engine/core/tetonic-runtime/src/lib.rs,tetonic-runtime,workspace-package,reshape,mechanical-census,951,91a64550e86f54284d4e53796b012419616bb0300f48308026e5c0603123c05c
engine/core/tetonic-runtime/src/policy.rs,tetonic-runtime,workspace-package,reshape,mechanical-census,1582,15ad2f3035f91c0da2f5e1c34f75ed961b279544b07c2e86b08575e38de25c00
engine/core/tetonic-runtime/src/stream_adapter.rs,tetonic-runtime,workspace-package,reshape,mechanical-census,17779,c0aaa8a86e9f2f16aeb9b8531f1ceedc8c77d457b52f100493fcec70e89bca6d
engine/core/tetonic-runtime/src/websocket_adapter.rs,tetonic-runtime,workspace-package,reshape,mechanical-census,16897,f8a0b65f953b03df57c07fe26d69fa9b47d4ccf0443a15ecfc2df73557e6c1c6
engine/core/tetonic-runtime/tests/fixtures/event-delivery-v1.json,tetonic-runtime,workspace-package,reshape,mechanical-census,1235,7adda32d4d3374a79de795dc61ca84fca0b788231489c45f9a340abaca40ce08
engine/core/tetonic-runtime/tests/metadata_graph.rs,tetonic-runtime,workspace-package,reshape,mechanical-census,3951,8065b41ae68fe1d3f564e6b6f72b08d5c1b4f764432d306ff8abb8f34f892df5
engine/core/tetonic-runtime/tests/twp_sanity_soak.rs,tetonic-runtime,workspace-package,reshape,mechanical-census,7502,9773f1fe2743314832631f6023e0e4da2230339365f67dd00ee63136366b6544
engine/core/tetonic-sandbox/Cargo.toml,tetonic-sandbox,workspace-package,keep-integrate,mechanical-census,1163,23ce71c3df0cf15f78f735f973f24ca4318ba23c6c99a13fdfadcac105b27c8f
engine/core/tetonic-sandbox/README.md,tetonic-sandbox,workspace-package,keep-integrate,mechanical-census,2895,66ab673248cefa3b369461e8c5f9ecce313878edec94708388e416ce51e10524
engine/core/tetonic-sandbox/bins/adversarial_runner.rs,tetonic-sandbox,workspace-package,keep-integrate,mechanical-census,4863,05eca220f518cf527d33b2d1032d9b8941fd7e7e34ae3fa36f378fceb5c79e67
engine/core/tetonic-sandbox/docs/enforcement-matrix.md,tetonic-sandbox,workspace-package,keep-integrate,mechanical-census,3153,781cdce00e2f3a8664e26f29e242223f6f84ee14756dcd35f9614b1e73548ace
engine/core/tetonic-sandbox/src/backend/linux.rs,tetonic-sandbox,workspace-package,keep-integrate,mechanical-census,8590,01d04df91f23702d76075e9b1f83a241a207678ee12c2bef728a293504e43052
engine/core/tetonic-sandbox/src/backend/linux_fs.rs,tetonic-sandbox,workspace-package,keep-integrate,mechanical-census,6670,215ed333f129580b83ee253c1f32fe06bb94b0e3a2f32516667433e61f22568f
engine/core/tetonic-sandbox/src/backend/linux_net.rs,tetonic-sandbox,workspace-package,keep-integrate,mechanical-census,3375,53dfc4f8b235a4d5b6a515c09949741f7939043529f58aa6161af93177211dec
engine/core/tetonic-sandbox/src/backend/macos.rs,tetonic-sandbox,workspace-package,keep-integrate,mechanical-census,12456,5fcc92a3beada8166abaf3230fac3cba8ae09a972e2c9ad6ddfdaef15b1f2e83
engine/core/tetonic-sandbox/src/backend/mod.rs,tetonic-sandbox,workspace-package,keep-integrate,mechanical-census,9937,52f7203e8a7652d8810e4e45f6b804e6d1573a0bd669d54cd46c2c732cb7e5c6
engine/core/tetonic-sandbox/src/backend/unix_common.rs,tetonic-sandbox,workspace-package,keep-integrate,mechanical-census,7668,3ceeb5767fa2af6fa08acbd895e028d2879c70af67e44d463b4bed9dd8df1038
engine/core/tetonic-sandbox/src/backend/windows.rs,tetonic-sandbox,workspace-package,keep-integrate,mechanical-census,30473,bddcd9c9aa0a5d1583bb39bae0ee7820c38859699414671197c57825076a2a67
engine/core/tetonic-sandbox/src/backend/windows_cancel.rs,tetonic-sandbox,workspace-package,keep-integrate,mechanical-census,3507,f4aaad8475899de7396f9232fa841b0a74e94dcab8b0c25abcca6315e9a1b7c1
engine/core/tetonic-sandbox/src/backend/windows_net.rs,tetonic-sandbox,workspace-package,keep-integrate,mechanical-census,5380,0f5c4be7576c572ca147b4a6779373aa8efea6822a12241f840af6429dbb5b41
engine/core/tetonic-sandbox/src/backend/windows_net_tests.rs,tetonic-sandbox,workspace-package,keep-integrate,mechanical-census,2093,199784a3d6b82948678edba4c4546b9f32231ada235cf748067874583b5a9084
engine/core/tetonic-sandbox/src/backend/windows_tests.rs,tetonic-sandbox,workspace-package,keep-integrate,mechanical-census,6112,edadb239e77a05fe0ad59b6d4ae6beccd386cb1a21a3d142b2f7019438833ae8
engine/core/tetonic-sandbox/src/exec.rs,tetonic-sandbox,workspace-package,keep-integrate,mechanical-census,7400,898b87ed91c35e78e2e4f3194dfe40bc93517c90b64e0fbb6492af6dd0b08240
engine/core/tetonic-sandbox/src/lib.rs,tetonic-sandbox,workspace-package,keep-integrate,mechanical-census,4472,c23110cff098b500fa96e7f9a130dcf4675a470b3fcf4c0b711056088499e183
engine/core/tetonic-sandbox/src/output.rs,tetonic-sandbox,workspace-package,keep-integrate,mechanical-census,4538,ad4b7afa71358e3c984df068c3d89d242bbcc68b5596c975c25eedc78fb17be7
engine/core/tetonic-sandbox/src/process_executor.rs,tetonic-sandbox,workspace-package,keep-integrate,mechanical-census,29557,504b7efcf3b63073d9f60640bed9e0c4ecf2cd8fa890552b8ed134d5b0c880d5
engine/core/tetonic-sandbox/src/process_service.rs,tetonic-sandbox,workspace-package,keep-integrate,mechanical-census,5746,7b2e254bcef5adc3322491e2f0611be1fdbb2c1542756747685a3b26e36f410b
engine/core/tetonic-sandbox/src/profiles.rs,tetonic-sandbox,workspace-package,keep-integrate,mechanical-census,9551,741e572c847259f4c0d3d11d3028b6b6d8d3045513c42ea99d6d71ad261f2224
engine/core/tetonic-sandbox/src/sandbox_bridge.rs,tetonic-sandbox,workspace-package,keep-integrate,mechanical-census,4939,ab603c995641558914c227d3b16f753799b2d2a50e1999d05fe03552b4600788
engine/core/tetonic-sandbox/src/sync_service.rs,tetonic-sandbox,workspace-package,keep-integrate,mechanical-census,12786,81fc236a45291513d97f3fa2bf4b23715a738fd3d4014c5788f9b130a0d402e7
engine/core/tetonic-sandbox/src/types.rs,tetonic-sandbox,workspace-package,keep-integrate,mechanical-census,11331,2b404ab2ef34c96df09745c433780f8feb00e72a4606e51d56cf0c68f871feda
engine/core/tetonic-sandbox/tests/adversarial.rs,tetonic-sandbox,workspace-package,keep-integrate,mechanical-census,12228,dd814e54eadeede9b4a10cb4e0fcaadb7cb38ce3cbf02ce4e3fd7be0b22164b9
engine/core/tetonic-sandbox/tests/audit_20260919.rs,tetonic-sandbox,workspace-package,keep-integrate,mechanical-census,4003,7dffade77bc9213fd4a2711f382213f2f19c8771acb433f401fed446fc7d6dae
engine/core/tetonic-sandbox/tests/h1_3_os_confinement.rs,tetonic-sandbox,workspace-package,keep-integrate,mechanical-census,12823,615daefcd022392913a216c35ad38be39a784f0ac81290095102d61383e3d9e7
engine/core/tetonic-sandbox/tests/process_executor_tests.rs,tetonic-sandbox,workspace-package,keep-integrate,mechanical-census,19854,fefa01c69ac9678680494ae9040963bb965ad77dde8aa65bf26f1e82cc5f8cb5
engine/core/tetonic-sandbox/tests/support/pipe_holder.rs,tetonic-sandbox,workspace-package,keep-integrate,mechanical-census,564,dd456956ca91889d9a3c2ada123e1bf791c9f63b0700b896c5630e3bf38fe956
engine/core/tetonic-sandbox/tests/support/process_cancellation.rs,tetonic-sandbox,workspace-package,keep-integrate,mechanical-census,5581,9ef11b32ec03f394cb3a5d3879ac5e19fc46fc7edf4e9e5f3ed3dd328f671222
engine/core/tetonic-sandbox/tests/unix_lifecycle.rs,tetonic-sandbox,workspace-package,keep-integrate,mechanical-census,7783,949106d47edd953a61eb2da83b71e26f4bfb4b25195cf959295239221fdb2dc9
engine/core/tetonic-secrets/Cargo.toml,tetonic-secrets,workspace-package,keep-integrate,mechanical-census,1077,a177d8d035f27dcc921c11e12393b16380eff2eebf9aef2880f45c04a8091803
engine/core/tetonic-secrets/README.md,tetonic-secrets,workspace-package,keep-integrate,mechanical-census,1588,20ae853178649d6822d3156829ce633cb27cf719f7eff349c97e5788dd72e3c8
engine/core/tetonic-secrets/src/detectors.rs,tetonic-secrets,workspace-package,keep-integrate,mechanical-census,10708,d09f6dd04f4e1c433aab4a780eba8711c4af81d1a3897a625d8083afdbbf5f42
engine/core/tetonic-secrets/src/eval.rs,tetonic-secrets,workspace-package,keep-integrate,mechanical-census,6339,e00556c523a99e77cf1a937040601e0436392108cb19ebfadc7a2c58747cdace
engine/core/tetonic-secrets/src/key_storage.rs,tetonic-secrets,workspace-package,keep-integrate,mechanical-census,4550,44f2b75179803d6c2123e7af3206f2084a84988cf26d4839fe093bf8deeaf87d
engine/core/tetonic-secrets/src/key_storage/linux.rs,tetonic-secrets,workspace-package,keep-integrate,mechanical-census,3060,3b1643ac5c6b2d68622d44d26110903ff8e0775158332e882f61977fb5ec45e0
engine/core/tetonic-secrets/src/lib.rs,tetonic-secrets,workspace-package,keep-integrate,mechanical-census,3258,ea2fb2fda9de7ecd2ad1d408707fd19699da03b92eb4ecc79c78543172208d71
engine/core/tetonic-secrets/src/override_scope.rs,tetonic-secrets,workspace-package,keep-integrate,mechanical-census,1496,5d3dcea016cf0076b8d28808d6428c32e9c3280eeaea4fd8ae4143551e3a7d44
engine/core/tetonic-secrets/src/private_file.rs,tetonic-secrets,workspace-package,keep-integrate,mechanical-census,5103,aa7c7e282d75c2cb18e7fcc39762ddfc07c2c75caff80652afad9787435b79ec
engine/core/tetonic-secrets/src/scanner.rs,tetonic-secrets,workspace-package,keep-integrate,mechanical-census,10791,f327ca451681e73036d7391174f0496b509a956e656eca7e83e2447870eb23c1
engine/core/tetonic-secrets/src/tests.rs,tetonic-secrets,workspace-package,keep-integrate,mechanical-census,21043,4e66fb31c0a53889fe39c2db03eef3c282e2465446eb477be9bfe6027e132e97
engine/core/tetonic-secrets/src/types.rs,tetonic-secrets,workspace-package,keep-integrate,mechanical-census,2563,c6bab5061953ab4a8763e29bbbb051fd8358dbb38be10e67f55d9a5f7df30f22
engine/core/tetonic-telemetry/Cargo.toml,tetonic-telemetry,workspace-package,keep-integrate,mechanical-census,568,037cb32188ec1d41b7bb462536ffbc5209782e2b05c156a2b84ed1f54806b139
engine/core/tetonic-telemetry/README.md,tetonic-telemetry,workspace-package,keep-integrate,mechanical-census,2725,ae9d587df466088e01735d3876446fd6d77c021894695592113de68eaf2885e2
engine/core/tetonic-telemetry/src/context.rs,tetonic-telemetry,workspace-package,keep-integrate,mechanical-census,3768,054743abcc5e61e3edc49db8b37f8ac1f841341924bd02a914cce8aba012979d
engine/core/tetonic-telemetry/src/event.rs,tetonic-telemetry,workspace-package,keep-integrate,mechanical-census,1387,ff6da749716adc1b875cc692362405e6efa191c73ad47ae9e29b264032ff9d6f
engine/core/tetonic-telemetry/src/fault.rs,tetonic-telemetry,workspace-package,keep-integrate,mechanical-census,569,c4e53a52d7f96bfc367a7c960f323a361c86369fd5848f33993cfb581945abdf
engine/core/tetonic-telemetry/src/lib.rs,tetonic-telemetry,workspace-package,keep-integrate,mechanical-census,1161,b940b08fb307520ec2aba93d011632967f61a585160d465d5471b0bc5a23e109
engine/core/tetonic-telemetry/src/performance.rs,tetonic-telemetry,workspace-package,keep-integrate,mechanical-census,2683,8803b907b0ebc2eec6eadd52135ac427f4d67752e2248d29c4729383706174d9
engine/core/tetonic-telemetry/src/propagation.rs,tetonic-telemetry,workspace-package,keep-integrate,mechanical-census,5198,e663ea4fbe6412010db334e8958b7ed5c3c72a6efb9396febd15a51f0d76f343
engine/core/tetonic-telemetry/src/sampling.rs,tetonic-telemetry,workspace-package,keep-integrate,mechanical-census,2660,ea8496becffc036469059aa19985d4541481128a3900daabf9168b1ecfbea57f
engine/core/tetonic-telemetry/src/sanitization.rs,tetonic-telemetry,workspace-package,keep-integrate,mechanical-census,6674,8f3696896a71c7abb8d51adf901351b3338f8ea39d95190cfddd7ebbdc4e10ee
engine/core/tetonic-telemetry/src/spans.rs,tetonic-telemetry,workspace-package,keep-integrate,mechanical-census,7461,24acbe909bacb0dfb7724c666cfc12dbd4dc8f0b04af1cc5418526306c693c26
engine/core/tetonic-telemetry/src/storage.rs,tetonic-telemetry,workspace-package,keep-integrate,mechanical-census,6129,9b6f8d60d658a17d65a012c602c13645cc546c4d45bc235f3157bb099ab2c154
engine/core/tetonic-telemetry/src/timing.rs,tetonic-telemetry,workspace-package,keep-integrate,mechanical-census,8262,9b257377fecde587af419d03189c5be8c52cf3cb28c10821e2c1e9c107a29f1f
engine/core/tetonic-telemetry/tests/integration_tests.rs,tetonic-telemetry,workspace-package,keep-integrate,mechanical-census,4230,72f4814a719b1f5c45b7d0410d3236ced70685affd8e42de0a27d706af22ddd1
engine/core/tetonic-telemetry/tests/m6_3_timing_matrix.rs,tetonic-telemetry,workspace-package,keep-integrate,mechanical-census,5164,bb6c9061cd25a8a6d63b8bd887cac2de9c2f3c4f63ef05899a6d7b3a8ad5e975
engine/core/tetonic-transaction/Cargo.toml,tetonic-transaction,workspace-package,isolate,mechanical-census,718,c9389324a69a8d94a58a1a9ad163496aaa010000d2b266ce8475a9d766840604
engine/core/tetonic-transaction/README.md,tetonic-transaction,workspace-package,isolate,mechanical-census,1755,12aa0c850dfdaca2f28f823ee58ceadd9743ec41a3195266db5a31ebdba5e534
engine/core/tetonic-transaction/src/commit.rs,tetonic-transaction,workspace-package,isolate,mechanical-census,24456,1ee453579a8cc8801e07b7c01f9fddfc6010cd5f3e4764e5bc204e07a891c0a7
engine/core/tetonic-transaction/src/diff.rs,tetonic-transaction,workspace-package,isolate,mechanical-census,2419,bd6b381f8ce9a7e5d9ed5008521ed15a4a67c682cc14f2c9649fd03dd46c3a03
engine/core/tetonic-transaction/src/error.rs,tetonic-transaction,workspace-package,isolate,mechanical-census,1024,51fe1a70c01a4743a8fda108746dca8b008ebf48e74f3c18748b9c5eca1ede33
engine/core/tetonic-transaction/src/fs_ops.rs,tetonic-transaction,workspace-package,isolate,mechanical-census,9885,d7fed696f9111c059c8ba2a48a230a40deced2edc5f1d3b3aab624394e16905b
engine/core/tetonic-transaction/src/fuzzy_patch.rs,tetonic-transaction,workspace-package,isolate,mechanical-census,15869,4f0457ea23b5fa37c1bbee911d372b72f3a2b7cf3ad1544352affcad26837661
engine/core/tetonic-transaction/src/journal.rs,tetonic-transaction,workspace-package,isolate,mechanical-census,5192,c82a2e6a5a93d5464b3061af250c1240650b4f0bb6e94e70d3accae37b976f7e
engine/core/tetonic-transaction/src/lib.rs,tetonic-transaction,workspace-package,isolate,mechanical-census,1018,e52ed8812c4e182eb2008b51118047f5030b0e1f2c536a2cc24348942d7229c1
engine/core/tetonic-transaction/src/lock.rs,tetonic-transaction,workspace-package,isolate,mechanical-census,4409,f0635fd4e4075799c0309e9758e24ff05b342958f9ffc8569d4627bf5d963253
engine/core/tetonic-transaction/src/publication.rs,tetonic-transaction,workspace-package,isolate,mechanical-census,10677,4b69ef2167cf261c94b68bbf7ad046c3270bb1fffa4a990e1aa43645117a1dc0
engine/core/tetonic-transaction/src/recovery.rs,tetonic-transaction,workspace-package,isolate,mechanical-census,5272,d5c9043ae998212c4eb99fef5df613828b03c80b4807a43483cd4f43e685ea1a
engine/core/tetonic-transaction/src/security.rs,tetonic-transaction,workspace-package,isolate,mechanical-census,3218,7a5eb8d85bc0502c458beb4c665d8e8d8086336171aa4361d48dbfb554518e5f
engine/core/tetonic-transaction/src/service.rs,tetonic-transaction,workspace-package,isolate,mechanical-census,24880,f86f5ed9ebd48a08bbdde4210fcaf97cea2ee2f121ae5c7861d4d2af85438d6b
engine/core/tetonic-transaction/src/staging.rs,tetonic-transaction,workspace-package,isolate,mechanical-census,13417,7d5d8af2456267cadb67cec897c4856de751c75d77ef6b9d2559b5193d6d5e6f
engine/core/tetonic-transaction/src/txn_meta.rs,tetonic-transaction,workspace-package,isolate,mechanical-census,3914,f46cc507822f8facebe2551417845f55f46ad8f1eefd92c74bc600e07dddc045
engine/core/tetonic-transaction/src/verify_view.rs,tetonic-transaction,workspace-package,isolate,mechanical-census,1358,e802a8c592b7c0cab1f477bed1f9793ce964baabd292eb73ea8a5e08c2e5f490
engine/core/tetonic-transaction/src/version.rs,tetonic-transaction,workspace-package,isolate,mechanical-census,9973,e7a54edae295bd86840f2f3ce7067a609c819415bd97e5caa19d6cf0d55aa5bd
engine/core/tetonic-transaction/tests/audit_20260919.rs,tetonic-transaction,workspace-package,isolate,mechanical-census,8419,3e7146215715a6fe85d4737163e65b85f2a0a440415ae287075a8e35f24522c9
engine/core/tetonic-transaction/tests/matrix.rs,tetonic-transaction,workspace-package,isolate,mechanical-census,36607,060dc4173a9172fac815954878317b5cb4237efccc9233cf563d63a72e8f204e
engine/core/tetonic-transaction/tests/readiness_paths.rs,tetonic-transaction,workspace-package,isolate,mechanical-census,2420,ac52848887ea3c51e1466abc526d347cb1fad749a943365c7fef723bcb0922eb
engine/corpus/CONTRIBUTING.md,,fixture,retain-review-in-context,mechanical-census,1140,68ae83f462a7fc51a18a056de34f8eeb802fc3fd636a1b54e7f4a8696feb7341
engine/corpus/PROVENANCE.md,,fixture,retain-review-in-context,mechanical-census,851,45319b36df94158031040f0a379f414b43f1091cc92fd1d4f69524559076413c
engine/corpus/README.md,,fixture,retain-review-in-context,mechanical-census,2268,79bc12083d229231d67e15ee12fb28d260065a99aa5e40b95c60e3ecbb20240c
engine/corpus/baseline_results.json,,fixture,retain-review-in-context,mechanical-census,1261,c77b04436a949d7f000c1011c370e4d092f672f9f78e909d0dc2139d1e60ea86
engine/corpus/ci_baseline.json,,fixture,retain-review-in-context,mechanical-census,2375,1c128911901bf7357681f66287e2322136a3e0a0ba239371f0cb741c0359f8cb
engine/corpus/digests.json,,fixture,retain-review-in-context,mechanical-census,989,1dee94ac2a223050c9381e8f95a157ba42a8b1de419670f5516df045419538e2
engine/corpus/fixtures/snap-01/Cargo.toml,,fixture,retain-review-in-context,mechanical-census,44,1b8d9c3e1c6992da5c54c65c367c5c822df57119a62ea48fa88048faacd6bfc4
engine/corpus/fixtures/snap-01/src/main.rs,,fixture,retain-review-in-context,mechanical-census,32,8390c67c53efc6140e27ab35148eb55066fda44a32d95344f7329bc7b0f48600
engine/corpus/fixtures/snap-02/Cargo.toml,,fixture,retain-review-in-context,mechanical-census,47,1cc5429bcf865ccb6dae59771a773e2d20356f85dd0a0eb994326c38f783627a
engine/corpus/fixtures/snap-02/core/Cargo.toml,,fixture,retain-review-in-context,mechanical-census,71,33a5dde6ee079fc0f9c0647bd21c5d4e0fbe809c08134ce39681a645d00bfb0d
engine/corpus/fixtures/snap-02/core/src/lib.rs,,fixture,retain-review-in-context,mechanical-census,85,d73f765cf8ea91788e66e416e060f8ecc8814e1f078812bddd40a9ede04b6128
engine/corpus/fixtures/snap-02/core/tests/acceptance.rs,,fixture,retain-review-in-context,mechanical-census,477,628eb43fb98bdc994ee0493a6bbed5e6e5bac3f74d4f97503191ba53ae1cd79e
engine/corpus/fixtures/snap-03/Cargo.toml,,fixture,retain-review-in-context,mechanical-census,46,38e4ec633fe0d43d8994525cd94d9d74164b0e416bdb8df9149609407967b07e
engine/corpus/fixtures/snap-03/backend_tests.py,,fixture,retain-review-in-context,mechanical-census,796,3cd3524bc98b32225f8b23befd26f48831e54e6729ba085273261c15c9964457
engine/corpus/fixtures/snap-03/scripts/parse.py,,fixture,retain-review-in-context,mechanical-census,17,cdfa9b05b9bace3459781a0bfa1a7f70e7fa9876e51e4dad32d3e65db8d2849b
engine/corpus/fixtures/snap-03/src/main.rs,,fixture,retain-review-in-context,mechanical-census,12,ef32637cb9c3ec2e3968c9cbdf26a5e9c172be94f88af533e14bd43f892d5297
engine/corpus/fixtures/snap-04/Cargo.toml,,fixture,retain-review-in-context,mechanical-census,46,c840f14520f404e24eacfec0ce5a83cd7a1209ed1ffeec0b8d7f2e57753ef57d
engine/corpus/fixtures/snap-04/src/calc.rs,,fixture,retain-review-in-context,mechanical-census,48,f8306ec92a207d3b1b584d5216371fcf4d3b5a727d212e4180c3c6c10f06478f
engine/corpus/fixtures/snap-04/src/lib.rs,,fixture,retain-review-in-context,mechanical-census,14,cf76b082d1d49873b6b1ae2a24fd510d2ba27b27a9869f0cee7c04981fafdddf
engine/corpus/fixtures/snap-04/tests/acceptance.rs,,fixture,retain-review-in-context,mechanical-census,297,bff8d07d042b4bfff35cd9dd668448a2528fd051f9421dd653e60d2c69354770
engine/corpus/fixtures/snap-05/Cargo.toml,,fixture,retain-review-in-context,mechanical-census,44,53e5728ac9d841ea7928254f6e6719cafc9befcd50aef31bb4031239dd218849
engine/corpus/fixtures/snap-05/_grade.py,,fixture,retain-review-in-context,mechanical-census,222,62f49ac8ae0c6594e793c02df1b2e58edf63c1364bdc5c06ceaad9c456bc17eb
engine/corpus/fixtures/snap-05/src/main.rs,,fixture,retain-review-in-context,mechanical-census,40,e54151d37b0c818ceee6ead2310a0829c716a6a3994707a501fcbf66cee14bd3
engine/corpus/fixtures/snap-06/Cargo.toml,,fixture,retain-review-in-context,mechanical-census,47,1720269a8e1b5d1ece937860972d25bb92c476c5441302d382b2ed7ba2e85fbc
engine/corpus/fixtures/snap-06/src/api.rs,,fixture,retain-review-in-context,mechanical-census,70,360209c1ddd6e270bc7b969ae448d804176066566df1b520b8427a14e1eb4e17
engine/corpus/fixtures/snap-06/src/lib.rs,,fixture,retain-review-in-context,mechanical-census,31,f44e452d7d0390ec4a38c3fb47a20109dc6611a83b105774af2f1baecbe99764
engine/corpus/fixtures/snap-06/src/models.rs,,fixture,retain-review-in-context,mechanical-census,27,7f15d7fbd36ce0685d37739aec33c82730d22a71cad24790e3ac6323a1019a49
engine/corpus/fixtures/snap-06/tests/acceptance.rs,,fixture,retain-review-in-context,mechanical-census,166,b3951f850dad4d6f1f62dc59e44e9f91a9c07046040f94b8946b08f5583152ab
engine/corpus/fixtures/snap-07/config.json,,fixture,retain-review-in-context,mechanical-census,38,9af64b9ff715a08dcca596201332438dc8f4b08c0e7173a77c0ab3048a31fb6b
engine/corpus/fixtures/snap-08/_grade.py,,fixture,retain-review-in-context,mechanical-census,240,74ee3403b3bb33f21e30289a68df53d9d4a618fc4f948e5c3eb34e73f1fbd90c
engine/corpus/fixtures/snap-08/src/app/middlewares/auth/mod.rs,,fixture,retain-review-in-context,mechanical-census,22,8f6defa71ffb144195fd2b476a90d0f28cd15137720caf05fe3025d3d90653d4
engine/corpus/fixtures/snap-09/Cargo.toml,,fixture,retain-review-in-context,mechanical-census,61,fefb3712d1fe32a91371655107d9465f0c3bce6134dfb9ae2298b4bfad835968
engine/corpus/fixtures/snap-09/src/lib.rs,,fixture,retain-review-in-context,mechanical-census,54,58d7e779dc429f148f46949bba5851c54df366c05d101ce3776be95fcb441013
engine/corpus/fixtures/snap-10/Cargo.toml,,fixture,retain-review-in-context,mechanical-census,69,882994b2250f42ef253c757ec1faed69b006d1dc5e0475d2d2fdd8e3b16fccc6
engine/corpus/fixtures/snap-10/src/lib.rs,,fixture,retain-review-in-context,mechanical-census,118,f82e2842fcd356198a91cf9264b99a33cc396b174fc7aa6eeb2f052186fb5a74
engine/corpus/fixtures/snap-10/tests/acceptance.rs,,fixture,retain-review-in-context,mechanical-census,442,d68f3ba89b479e2f6c31a0bd9643894f4e58c83f933768186e554ed7a45a35fb
engine/corpus/fixtures/snap-11/src/lib.rs,,fixture,retain-review-in-context,mechanical-census,36,346d4bf52517adde2dfafa6ee7054168fed8849dcd5a53690be099dc0a1ee748
engine/corpus/fixtures/snap-12/README.md,,fixture,retain-review-in-context,mechanical-census,76,5cfed005612e09ca1aef136de5beb73799a2b4a52f654d02bfc0f6dd7b900e03
engine/corpus/fixtures/snap-12/untrusted_input.txt,,fixture,retain-review-in-context,mechanical-census,118,4064dae4c632f1e3988a7fd43ebeecb1746c989fef25366ea3cbf190aaba69e9
engine/corpus/manifests/01-small-single-lang.json,,fixture,retain-review-in-context,mechanical-census,2076,e7b621da882600311f1866f3fb0f2696c45620f4848284ec3c164c6cac933257
engine/corpus/manifests/02-large-monorepo.json,,fixture,retain-review-in-context,mechanical-census,2935,07b1f68c3df41496d5c9dda48a22f875d08481eaacdbb17f85b8acbe13ad38f5
engine/corpus/manifests/03-multi-language.json,,fixture,retain-review-in-context,mechanical-census,2339,58c961bb6b59375d3c2cc86d19326e8116d181fb3a6dcd7bbca276b3b2864a9d
engine/corpus/manifests/04-failing-tests.json,,fixture,retain-review-in-context,mechanical-census,2630,6b830944edb2913503d29578fb7827af6fd01906abba372fe5fc0c254dfd6b6d
engine/corpus/manifests/05-dirty-tree.json,,fixture,retain-review-in-context,mechanical-census,2276,f58b0f3b5c6e3bd7e442b6b4d00baaf7ee105808cb7e2d9736fa2605c9e90bef
engine/corpus/manifests/06-cross-file-refactor.json,,fixture,retain-review-in-context,mechanical-census,2778,a639580bcb7e71f225fd6ecf33ff2d2cf35a126b1ac06b7868b4fa9170f2f777
engine/corpus/manifests/07-synthetic-sensitive.json,,fixture,retain-review-in-context,mechanical-census,2028,aa6902b08b1e8a33f8a5f07082ad30be621a45ae97c69d1f63886037af3bcfab
engine/corpus/manifests/08-symbol-discovery.json,,fixture,retain-review-in-context,mechanical-census,2316,05b164ef48d82f20e95617b30a2826010fc2d29855e3e9e5dbbece15bb8486e7
engine/corpus/manifests/09-test-creation.json,,fixture,retain-review-in-context,mechanical-census,2894,43a4ab4952f0efc1579fcc8dbfcd243cc64677d95e35037923e80397a26d87eb
engine/corpus/manifests/10-misleading-implementation.json,,fixture,retain-review-in-context,mechanical-census,2548,3062460efa020c74e004a4d796c2e66048bfa0eb7d700963414082e30a553581
engine/corpus/manifests/11-no-op-correct.json,,fixture,retain-review-in-context,mechanical-census,2026,106c8ebb21d3fd789146790d8bc2f57cfedd41bdbcb377998b1e85397057ffac
engine/corpus/manifests/12-prompt-injection.json,,fixture,retain-review-in-context,mechanical-census,2165,18fae7fda698938bcf64f28eaa7412cfe37cc330bcc85e931bfdfc131730819d
engine/corpus/scripts/integrity.py,,fixture,retain-review-in-context,mechanical-census,1559,057e77ef18a3dd721db38b005f66967c5fee9ae15e6121c420844452cf6cd0a6
engine/corpus/scripts/reset.py,,fixture,retain-review-in-context,mechanical-census,951,b73d66058fe3bdc4da515472bf98773028f47e73060943e4ed14bbf7ee8cc3a8
engine/corpus/scripts/scaffold_fixtures.py,,fixture,retain-review-in-context,mechanical-census,3073,9e816c8547a84e18cb0ca804527c8eda90eba948c59d51c639ce2ae27ad9d3d5
engine/corpus/scripts/setup.py,,fixture,retain-review-in-context,mechanical-census,1243,7b9a10c194f9f768683ea67ad7a89f8a1c415032c8611287bc9520c2c0f2dd04
engine/litho/README.md,,repository-support,retain-review-in-context,mechanical-census,890,8de99ebcd58f5b0ab1a7aee579645a0b562d1b9fa968f26695b30cdf6e1f80f9
engine/litho/lokai-cli/Cargo.toml,lokai-cli,workspace-package,reshape,mechanical-census,677,cf2d051d23557406046c137e51f471009ec1bab4ce10cec5caa8fab3ac903a28
engine/litho/lokai-cli/README.md,lokai-cli,workspace-package,reshape,mechanical-census,9623,df1e83337d2a21f20127e8f956066b2b9ea55bc4da33895f52b18102c8043417
engine/litho/lokai-cli/src/app_kernel.rs,lokai-cli,workspace-package,reshape,mechanical-census,8020,f1790b0cb166c997d9ca9f8dc673697afeb63b167034a1700431ff15880a8aea
engine/litho/lokai-cli/src/args.rs,lokai-cli,workspace-package,reshape,mechanical-census,8388,3249373912041eb990df1980d84a93fc681f9f6501f2cea2f51e74b27b3f150c
engine/litho/lokai-cli/src/banner.rs,lokai-cli,workspace-package,reshape,mechanical-census,775,234e0d2ac17868c29dbefcb11e3a81d450a02abf5cea39dcbd0da4ec500081b3
engine/litho/lokai-cli/src/capacity.rs,lokai-cli,workspace-package,reshape,mechanical-census,8754,d756499ff481722364bd73c0bda14014ea41f979fd6847a7c77a546302a69f45
engine/litho/lokai-cli/src/chat.rs,lokai-cli,workspace-package,reshape,mechanical-census,16462,2f3385cc1f730542f04ac7461f37718ee418a47e78f81d86972fbb52174d4c38
engine/litho/lokai-cli/src/estate.rs,lokai-cli,workspace-package,reshape,mechanical-census,9309,cb1c1e85b75630bd7ed2f068f6aaa5990c10a275c980561fcf1e2308bc9b81d4
engine/litho/lokai-cli/src/event_queue.rs,lokai-cli,workspace-package,reshape,mechanical-census,6072,9c0e5cbec64205fa9e4234ee0d8855b8bd9a2a183ff573d19836399cff7db5ba
engine/litho/lokai-cli/src/help.rs,lokai-cli,workspace-package,reshape,mechanical-census,2661,533e5eb7603aedf38aa36b05e06d63a4068b807dbd036da335d05a18d050c179
engine/litho/lokai-cli/src/main.rs,lokai-cli,workspace-package,reshape,mechanical-census,8765,2bf5022a3150ebac76170afcb9ddeeb62f36447d8535366f3a4fa7338e20138c
engine/litho/lokai-cli/src/offline.rs,lokai-cli,workspace-package,reshape,mechanical-census,11146,f307f364cdc63c4590920808eef0b90cf9a1bf022b2330ecfcf659d03e0fb653
engine/litho/lokai-cli/src/printer.rs,lokai-cli,workspace-package,reshape,mechanical-census,1858,5559891da1c2d8b8321871a71da699de46c2ad4404f594523b283a75a3781a08
engine/litho/lokai-cli/src/session.rs,lokai-cli,workspace-package,reshape,mechanical-census,663,dd13791332a82c0f40b294bfcd660e0a3aa5e3ed3a3dc5f6b0f1f9aa16b116a4
engine/litho/lokai-cli/src/signal.rs,lokai-cli,workspace-package,reshape,mechanical-census,575,4eeba9e69ad477a33994733f02f82ce9154c1a97d96df07ac36c7715fe20b49e
engine/litho/lokai-cli/src/terminal_task.rs,lokai-cli,workspace-package,reshape,mechanical-census,5173,73d8da06337f515bfabfa4f761dc8ced1140c5a6fa1e2bebbfa1e1b7083fa5e6
engine/litho/lokai-cli/src/tests/mod.rs,lokai-cli,workspace-package,reshape,mechanical-census,1872,febe909b2165eeb8bee5b3507ebf9899d1b9d1782ef3ad65c1cbd1ac1ebeb162
engine/litho/lokai-cli/src/tui/approval.rs,lokai-cli,workspace-package,reshape,mechanical-census,5182,f85992a82cb2f0e8c28008497b07b04a3af2947153621ae18e68ffe6f0dd0ca4
engine/litho/lokai-cli/src/tui/clipboard.rs,lokai-cli,workspace-package,reshape,mechanical-census,1668,e5a9cc5b1f4dc6307806f9857a7ff8dde1c7ac61692e5ac44e29c3b0c095515f
engine/litho/lokai-cli/src/tui/composer.rs,lokai-cli,workspace-package,reshape,mechanical-census,1740,74cc3acc1729891790c403f51a916fc422f5cb852928b368a7519e24aa34772e
engine/litho/lokai-cli/src/tui/events.rs,lokai-cli,workspace-package,reshape,mechanical-census,30294,d8ff9a9975998371140f4745c1d15d50cf098c8a8ceda25f12118d774bdb360f
engine/litho/lokai-cli/src/tui/failure.rs,lokai-cli,workspace-package,reshape,mechanical-census,5587,0bb21cc310a1db7c60d3b091ee6fbd856fbb9591a07fc9fdf42ca0d317bb5abe
engine/litho/lokai-cli/src/tui/input.rs,lokai-cli,workspace-package,reshape,mechanical-census,18741,db3fea4c5aa51bf36c54019fd03805929f8c71bd0f10e86ba5dbf8577d28949c
engine/litho/lokai-cli/src/tui/input_tests.rs,lokai-cli,workspace-package,reshape,mechanical-census,3288,a1b92694507c629a122e838dd28f4c9682edbafa166646d159e28d71362ddf51
engine/litho/lokai-cli/src/tui/interaction.rs,lokai-cli,workspace-package,reshape,mechanical-census,5485,40df0041703810cf0b4ed90bffc64f33dfec353a3ec08d3c9c0b7b7a79ebbd56
engine/litho/lokai-cli/src/tui/markdown.rs,lokai-cli,workspace-package,reshape,mechanical-census,14580,a83c295cacdf86fbdb5afbd838c4a4e280eee6652af48896a43cc8bef5779e2f
engine/litho/lokai-cli/src/tui/mod.rs,lokai-cli,workspace-package,reshape,mechanical-census,24737,72977bfc7d2280b8315c49cd445ae2e83f91f3ee0003d87770855f6dd2b40754
engine/litho/lokai-cli/src/tui/models.rs,lokai-cli,workspace-package,reshape,mechanical-census,28137,4ea95b384c560b5a2f13a98fcebb992f894a64c49e86b207ff5d09ee64eec3fb
engine/litho/lokai-cli/src/tui/overlays.rs,lokai-cli,workspace-package,reshape,mechanical-census,7240,f8a9de2b46f4cd1d5ecfddbcde97afbcc44aa33574466dacad0b8cf7d32045e3
engine/litho/lokai-cli/src/tui/preferences.rs,lokai-cli,workspace-package,reshape,mechanical-census,1812,aceeb6ce1038e030faeab3fa8332d0e5ce6c76a6d7a8cd9503407da5e046733a
engine/litho/lokai-cli/src/tui/response_theme.rs,lokai-cli,workspace-package,reshape,mechanical-census,591,7f8333481e836f1ad4106de46455457639e74e789f97513fb9bfee7d4eb6f73c
engine/litho/lokai-cli/src/tui/retention.rs,lokai-cli,workspace-package,reshape,mechanical-census,3512,f6c23ea9597c3a76ff844ded01ab329fb6563efa424abffe18e65137e7d010e1
engine/litho/lokai-cli/src/tui/scheduling.rs,lokai-cli,workspace-package,reshape,mechanical-census,4441,b0237c4cd6768b2611e4293061683a113970cca62ddac36339d3aff792058582
engine/litho/lokai-cli/src/tui/slash.rs,lokai-cli,workspace-package,reshape,mechanical-census,4381,a9e67aa1daff3ad2aeae2da2f92ba218de2ebbb2a8c04c61616ac4641c94bf74
engine/litho/lokai-cli/src/tui/status.rs,lokai-cli,workspace-package,reshape,mechanical-census,6898,ed4b485ed5066076ea27b4e564e6fd554eb7fa0985865e72100d4b9a5584a316
engine/litho/lokai-cli/src/tui/submission_tests.rs,lokai-cli,workspace-package,reshape,mechanical-census,1763,69d1a82e21f832160dfc7d7bb2d44b99ed51a06d4f3dce74a45cb017b937dba0
engine/litho/lokai-cli/src/tui/terminal_lifecycle.rs,lokai-cli,workspace-package,reshape,mechanical-census,7872,d4ec4624b06faa63ecf2eb48ae4dbbf1e0c52ef998a71638e856534f2f6113c7
engine/litho/lokai-cli/src/tui/transcript.rs,lokai-cli,workspace-package,reshape,mechanical-census,20211,9d88806f562f194b18deaf26b10b21a6a491ccfa16d2a4818ae17450116c4ef2
engine/litho/lokai-cli/src/tui/ui.rs,lokai-cli,workspace-package,reshape,mechanical-census,23752,feafd68f6c2795378a05743a5aaf9365e909a7f6972ded8718df105548384439
engine/litho/lokai-cli/src/tui/ui_tests.rs,lokai-cli,workspace-package,reshape,mechanical-census,14296,dd00e09da8c269afc098d43bf83b2db29a543f15b7cc7b10e27913fc8febee78
engine/litho/lokai-cli/src/tui/ux_tests.rs,lokai-cli,workspace-package,reshape,mechanical-census,13018,9653253448952de4a04bf2a9a3bcc31d06ae102b93c64427ec56299dfffb23a0
engine/litho/lokaid/Cargo.toml,lokaid,workspace-package,retire-after-cutover,mechanical-census,996,c7c800ef894879d82e0f6f4c85d5be1feb15ee83e6cf2aac0103444afe96193d
engine/litho/lokaid/README.md,lokaid,workspace-package,retire-after-cutover,mechanical-census,6116,6a82ab4f85eaca99705a7f54b78024e11ee42658a258346cd4265fcf575f7d58
engine/litho/lokaid/src/daemon.rs,lokaid,workspace-package,retire-after-cutover,mechanical-census,11019,8a0075cd6a7591a837f4af4b2d1d49ef8700eb0dbbd07da5a7fe9e69312720dc
engine/litho/lokaid/src/daemon/config.rs,lokaid,workspace-package,retire-after-cutover,mechanical-census,1472,a506ea414e8892e4749dd36c9701c80244ffba7554e098a79194777adb039085
engine/litho/lokaid/src/daemon/events.rs,lokaid,workspace-package,retire-after-cutover,mechanical-census,12103,d72fc186176abbc1527a77fce4e93c1395c78ce0ab6a6969445de2ff4160cf27
engine/litho/lokaid/src/daemon/handlers/agent.rs,lokaid,workspace-package,retire-after-cutover,mechanical-census,1311,bd4eca0c77808def94a2438188bd0b57c8c6f96cd8d6579ce3489534c6980887
engine/litho/lokaid/src/daemon/handlers/capacity.rs,lokaid,workspace-package,retire-after-cutover,mechanical-census,12279,47fbf625cfdc48585f586db17cea7d79153ac1564b508cf1d16e9c1532b09510
engine/litho/lokaid/src/daemon/handlers/chat.rs,lokaid,workspace-package,retire-after-cutover,mechanical-census,1294,005f4ac8acb9bbeb8a9a7cb8c3ae0dcd1ceabc4a09cb00855cfc78abce4e3b4a
engine/litho/lokaid/src/daemon/handlers/fabric.rs,lokaid,workspace-package,retire-after-cutover,mechanical-census,3033,0a5940acffcf222600ccfcfa296f293e8df238af15467c723b6fab8a983711e5
engine/litho/lokaid/src/daemon/handlers/initialize.rs,lokaid,workspace-package,retire-after-cutover,mechanical-census,3157,ab78d45674112dee7a5fb37e1b99868f931972835439d81525200cc7c01e78ed
engine/litho/lokaid/src/daemon/handlers/internal.rs,lokaid,workspace-package,retire-after-cutover,mechanical-census,548,9979aea1fa7513038ba79363108a1096025833ee33e77c09a4196c945a03d4e1
engine/litho/lokaid/src/daemon/handlers/misc.rs,lokaid,workspace-package,retire-after-cutover,mechanical-census,3296,b9f860ebd37a3a426d94f59e3b5b5c34f88a1e99acee90be34d8711ee7b74826
engine/litho/lokaid/src/daemon/handlers/mod.rs,lokaid,workspace-package,retire-after-cutover,mechanical-census,162,1842286d086d158495af4eaa6f4adc99438409ed0a495322290b9a45196a92c7
engine/litho/lokaid/src/daemon/handlers/policy.rs,lokaid,workspace-package,retire-after-cutover,mechanical-census,5845,dc30f3ba00781a87372d2b84faadfde8d3cce8752621130686376306e0222569
engine/litho/lokaid/src/daemon/handlers/prelude.rs,lokaid,workspace-package,retire-after-cutover,mechanical-census,728,a149fd8264906d254a8a49be9ac06c50e75129a28d355336b8d5cfc21320af5c
engine/litho/lokaid/src/daemon/handlers/run.rs,lokaid,workspace-package,retire-after-cutover,mechanical-census,2859,f453677d6c66af8b1b28550ff083c80b4424b140ab8f6ef82e3c5b5ba3c5c3b8
engine/litho/lokaid/src/daemon/handlers/secrets.rs,lokaid,workspace-package,retire-after-cutover,mechanical-census,2087,11d03770ef6de2e2818b9d3afbf363eacebe6e7b8b3a72773124873c032df2db
engine/litho/lokaid/src/daemon/handlers/session.rs,lokaid,workspace-package,retire-after-cutover,mechanical-census,7644,f8d0b7983a15ead4485291631e5fb98386346b217b67a6324e9471961e9b5bff
engine/litho/lokaid/src/daemon/helpers.rs,lokaid,workspace-package,retire-after-cutover,mechanical-census,1857,e91f460c7a10c2bf8acb40ec5a9c628826e9ba844f8e4a3793e7c0502ba25606
engine/litho/lokaid/src/daemon/placement.rs,lokaid,workspace-package,retire-after-cutover,mechanical-census,1776,2b33160c20be95a53640139f934208a2fcb13fb690723d7bcc8f94178c95099e
engine/litho/lokaid/src/daemon/rpc/egress.rs,lokaid,workspace-package,retire-after-cutover,mechanical-census,79,f88cf80acb0041be657977dd3a6614e084fd4454991ca70c7de3dc5bb6e08faf
engine/litho/lokaid/src/daemon/rpc/map.rs,lokaid,workspace-package,retire-after-cutover,mechanical-census,1386,3c93e283cdee207194d42708f99374ce80b5e3e06456bd528a71dd0c861ee949
engine/litho/lokaid/src/daemon/rpc/mod.rs,lokaid,workspace-package,retire-after-cutover,mechanical-census,94,cf915f5df3d6c10a0fc742b7d9f55e22a3299321793f1440e53fcd66318ced82
engine/litho/lokaid/src/daemon/tests/cases.rs,lokaid,workspace-package,retire-after-cutover,mechanical-census,39320,e8eccb0d959d452f14cc557aefb9f74d60f7312e57727d47dce4bfe55f39cbc7
engine/litho/lokaid/src/daemon/tests/fixtures/chat_send_params.json,lokaid,workspace-package,retire-after-cutover,mechanical-census,78,65282a9dab895f3c0ca67c1ac767128d98508d0354b520356705e0c248fc6a6d
engine/litho/lokaid/src/daemon/tests/fixtures/initialize_params.json,lokaid,workspace-package,retire-after-cutover,mechanical-census,203,508436f006b0de79f799dd6faa245cd1ff1e960c4b3141e930c9e29b19817fb6
engine/litho/lokaid/src/daemon/tests/fixtures/initialize_result.json,lokaid,workspace-package,retire-after-cutover,mechanical-census,264,249757499b566ac19ab536b373ea15f9aac69f753e23d80dffb54edf11f95861
engine/litho/lokaid/src/daemon/tests/fixtures/notification_approval_request.json,lokaid,workspace-package,retire-after-cutover,mechanical-census,272,c3b775a0c5034e372b1451d040725a94078ef00d63d8393cd5cc01cf268a5984
engine/litho/lokaid/src/daemon/tests/fixtures/notification_run_status_ok.json,lokaid,workspace-package,retire-after-cutover,mechanical-census,173,b85b789885c1740da9690dc91e6dbff1024ac766988f58cd7243a27dba4d102f
engine/litho/lokaid/src/daemon/tests/fixtures/notification_token.json,lokaid,workspace-package,retire-after-cutover,mechanical-census,196,752852f1a2091da540935cde8449a307bbd26d6b83262e9fd2c5ef323b92f54e
engine/litho/lokaid/src/daemon/tests/fixtures/rpc_error_unknown_session.json,lokaid,workspace-package,retire-after-cutover,mechanical-census,60,81fcb1584155dac9376d04328b7aca91cf5b6984f3eeae68db20e5214b4b69ac
engine/litho/lokaid/src/daemon/tests/fixtures/session_start_params.json,lokaid,workspace-package,retire-after-cutover,mechanical-census,75,65b5af6164c1610d6b8fb780201d70a3c380cbc7c355159bf190650dae79ee8a
engine/litho/lokaid/src/daemon/tests/fixtures/session_start_result.json,lokaid,workspace-package,retire-after-cutover,mechanical-census,141,04951a51a277ecc79bea2aef454930dd852acbaf9d2959ab7598407ad1de6e55
engine/litho/lokaid/src/daemon/tests/harness.rs,lokaid,workspace-package,retire-after-cutover,mechanical-census,6393,543511108d805f00ad40198665f01b8f635f62583ebe3f4f99318ad4bf1143f1
engine/litho/lokaid/src/daemon/tests/inference.rs,lokaid,workspace-package,retire-after-cutover,mechanical-census,2289,e23cd70c3690bebb5f50743388bff937f09255d4d29537def6c223ccc057f11c
engine/litho/lokaid/src/daemon/tests/mod.rs,lokaid,workspace-package,retire-after-cutover,mechanical-census,146,6a15e537b634b7c60f2c87b0cef4632490121259b250ffe0bd5c493b7cccaa77
engine/litho/lokaid/src/daemon/tests/parity.rs,lokaid,workspace-package,retire-after-cutover,mechanical-census,9777,7e26a6257d962723dfa9569b31a2f41b1d4569ab542a79208ef49d7383d89b3b
engine/litho/lokaid/src/daemon/tests/protocol_golden.rs,lokaid,workspace-package,retire-after-cutover,mechanical-census,6208,97487200bb13887d19210c6e0fa7b0159a4c608a3e85238f17179a6f9054a708
engine/litho/lokaid/src/daemon/types.rs,lokaid,workspace-package,retire-after-cutover,mechanical-census,1440,2c08cf91da4cf9ca59a781030c78553cbf21dc8e130f9d215ca4f5c87229eac2
engine/litho/lokaid/src/main.rs,lokaid,workspace-package,retire-after-cutover,mechanical-census,6037,eb49ea0b6d38dfc4139d14b03949bda0a54eafdc56ff9521acf89efab9d565d8
engine/litho/lokaid/src/node.rs,lokaid,workspace-package,retire-after-cutover,mechanical-census,302,df57ba9e2c70660f2d1b3c39bd4514833260d976ded8fcb760d98a980f7f895b
engine/litho/lokaid/src/supervise.rs,lokaid,workspace-package,retire-after-cutover,mechanical-census,4965,feeda9c0233e1d15c6dab039f9c43d909ecae85da605a3edbfcc0e2650963372
engine/litho/tetonic-app/Cargo.toml,tetonic-app,workspace-package,reshape,mechanical-census,2350,61b48910c76e12f8858f0cc6be16afb0f8fd0766f43c1582dbee5d868ca379e6
engine/litho/tetonic-app/INFERENCE-SELECTION.md,tetonic-app,workspace-package,reshape,mechanical-census,6477,915fc56d6b96d7f5656de40a5f2be26e54c7fe3873dd6c6169fc2d25d6a297f9
engine/litho/tetonic-app/README.md,tetonic-app,workspace-package,reshape,mechanical-census,3554,4f0e7c0d67ee528995750d2e496c923ac6ba2bff53a4681176472e17b8679fcd
engine/litho/tetonic-app/src/approval.rs,tetonic-app,workspace-package,reshape,mechanical-census,14604,09b73770d4b90fad22450e9dd4b4a660e13bd9d72292784391211a34c9734fd4
engine/litho/tetonic-app/src/attempt_completion.rs,tetonic-app,workspace-package,reshape,mechanical-census,3073,be4afeeec5b22c2d7cdff0119a42d10a021061c26cefcd9c6c350a4b4d8861ad
engine/litho/tetonic-app/src/aud01_characterization_tests.rs,tetonic-app,workspace-package,reshape,mechanical-census,17850,e6066e988cdefbc3c0dd76383f42a9e014aed8e0be31f5b8e8582d1bd240b1e7
engine/litho/tetonic-app/src/capacity_service.rs,tetonic-app,workspace-package,reshape,mechanical-census,15512,f5b427f238bf2128fa5897e548693b5bade545105b97b80b0beb3d6ba1fe18a4
engine/litho/tetonic-app/src/cli_bootstrap.rs,tetonic-app,workspace-package,reshape,mechanical-census,25317,c392120a56c115a257b7b32b050a0bc7cbb7dbbf6934ca53a2d4b9b79af02e49
engine/litho/tetonic-app/src/cli_estate.rs,tetonic-app,workspace-package,reshape,mechanical-census,20935,54fbc49292b7908d377b9f09b4dee0f1d4b8b1452fc3c236b1562f4e6de61fee
engine/litho/tetonic-app/src/cli_facade.rs,tetonic-app,workspace-package,reshape,mechanical-census,22161,82b20df32b32a2d3080a73b4635b11f22a2388e47f1c7a8b28b1d1f8c376aabe
engine/litho/tetonic-app/src/cli_index.rs,tetonic-app,workspace-package,reshape,mechanical-census,11516,073a520ffd8ad81556d28ba315bafc1e10d0dfe8bf80d991e593d46fa999d994
engine/litho/tetonic-app/src/code01_build_agent_tests.rs,tetonic-app,workspace-package,reshape,mechanical-census,6297,735f09e432f0bf8a651e37585d8a9a3c4f60480bd96d0da6ed47e13ec1a7fd17
engine/litho/tetonic-app/src/coding_pack.rs,tetonic-app,workspace-package,reshape,mechanical-census,3907,f53741dc0fe5e5df6341433bedd347ae8060ce2e7a25fde13c119e4da0debac1
engine/litho/tetonic-app/src/commands.rs,tetonic-app,workspace-package,reshape,mechanical-census,13027,6b054c0edd78fc06150226234451f4b7dc0d94bb41e15467b439bea841e51f07
engine/litho/tetonic-app/src/compute_plane.rs,tetonic-app,workspace-package,reshape,mechanical-census,16437,2eea37f1125c3ad2c1fc717640c589c41ddabf6fec459930ad44288a3f8ffc44
engine/litho/tetonic-app/src/daemon_bootstrap.rs,tetonic-app,workspace-package,reshape,mechanical-census,13392,01e296aec4a9223dab6fc4740e31378ac9a664fbfe5432425cada02344c86e97
engine/litho/tetonic-app/src/definition.rs,tetonic-app,workspace-package,reshape,mechanical-census,23291,ba6a4f80da5ec2024980c46469a37e3a9e0f2eb567f4239312efe5a8e62e28c5
engine/litho/tetonic-app/src/errors.rs,tetonic-app,workspace-package,reshape,mechanical-census,1355,312cfefc1b9945104e775397293fda0ce4ec7d6ea81bfe5e6223eb6e8071fb6e
engine/litho/tetonic-app/src/estate_enrollment.rs,tetonic-app,workspace-package,reshape,mechanical-census,7359,b328616e744ada9940edb08362d2c8033ccc62d6455f50754fdcab8fa8defff1
engine/litho/tetonic-app/src/events.rs,tetonic-app,workspace-package,reshape,mechanical-census,13245,b30caa6fe9c09d0e80eedb3bef51f941845ce141c45d95d47cb191507c1d1eae
engine/litho/tetonic-app/src/execution_regression_tests.rs,tetonic-app,workspace-package,reshape,mechanical-census,9445,0f00b8a1fac4b02ca641d2528a85b1cca66e10fb4626dedb41fe55961a9ddef9
engine/litho/tetonic-app/src/fabric_run_bridge.rs,tetonic-app,workspace-package,reshape,mechanical-census,6310,f4fd150c37662ae220ea631ed7b95814cb82463dbae821c693dbcd2ec90b8782
engine/litho/tetonic-app/src/fleet_api.rs,tetonic-app,workspace-package,reshape,mechanical-census,18044,3cef6fe94e428b0b5b86b8e21f932b3b4f758729f39eb8aa26d83d16229fb56c
engine/litho/tetonic-app/src/identity_job.rs,tetonic-app,workspace-package,reshape,mechanical-census,7203,50ec6317fdbcfaf1c9e5cb280f413a6123c359685586fa8ca002d602ded4b001
engine/litho/tetonic-app/src/inference_selection.rs,tetonic-app,workspace-package,reshape,mechanical-census,24791,03d51263a002afedaf47ba2f9fa389a67bf64cdf3b81749274699f2979b72fc3
engine/litho/tetonic-app/src/inspect_api_tests.rs,tetonic-app,workspace-package,reshape,mechanical-census,5950,2c15a6d24b40af51a4443690818e2d1e79a2734b38cd325891c82689f2e85ec5
engine/litho/tetonic-app/src/lib.rs,tetonic-app,workspace-package,reshape,mechanical-census,17311,ac6f81d0b3b88381b98e76e8049d7ce088254cdc2fac27b8c486785a24f945fb
engine/litho/tetonic-app/src/lib_tests.rs,tetonic-app,workspace-package,reshape,mechanical-census,17035,072fada254e12b2f3f885fec658c59bd8c996d9269421b15b415eef9413b078f
engine/litho/tetonic-app/src/lsp_launcher.rs,tetonic-app,workspace-package,reshape,mechanical-census,4631,916ca2bfadef24542aad390a354fe1470ddc61be286637a843623e705132b153
engine/litho/tetonic-app/src/lsp_session.rs,tetonic-app,workspace-package,reshape,mechanical-census,6642,987022dda4e23b7c10b746c87eb28d35fd604f5eca35c1bff3fc314f237d4120
engine/litho/tetonic-app/src/node_worker.rs,tetonic-app,workspace-package,reshape,mechanical-census,8908,13eeb95e1d830cb963a7d51e9a22cbeae492ffc8ed7cafdc6037910992196e97
engine/litho/tetonic-app/src/operator_control.rs,tetonic-app,workspace-package,reshape,mechanical-census,16286,5e58f64097db000cb3e3c94f765e8ad3878613d01d9df48238dc74361ebbd484
engine/litho/tetonic-app/src/product_submit.rs,tetonic-app,workspace-package,reshape,mechanical-census,25704,635e6b38ca45df8d1b96edb190f2a11bda91c331a08db74237271e24d18e32ca
engine/litho/tetonic-app/src/r12_secret_override_tests.rs,tetonic-app,workspace-package,reshape,mechanical-census,1498,51b46cc5b986dd46cdf74eb47f63ff3e1157ba7f14faf19cfc7f7e5b5e1c95a0
engine/litho/tetonic-app/src/r4_3_scanner_tests.rs,tetonic-app,workspace-package,reshape,mechanical-census,3096,b77b87f9dfa5ba636c0c550fd694ec31f1d6c11ddcb09ceead12b04735e04786
engine/litho/tetonic-app/src/recovery_api.rs,tetonic-app,workspace-package,reshape,mechanical-census,7045,a15591cf53e2257b2b53c4746b8eced263835ba691e673cf04be3d1c257ed157
engine/litho/tetonic-app/src/recovery_contract_tests.rs,tetonic-app,workspace-package,reshape,mechanical-census,8312,cca69176c7c5206efc0010a07b19cce8e0c75837b768826c9a630647d9e624e3
engine/litho/tetonic-app/src/redaction_audit.rs,tetonic-app,workspace-package,reshape,mechanical-census,4232,866420522bcfa0931b802758a4a374e419dfcef4598ae78e455120808b841235
engine/litho/tetonic-app/src/resume.rs,tetonic-app,workspace-package,reshape,mechanical-census,7599,ef67658b87ece8c2fb21aac624055f6990adf3ac8a1ab961148899020b3ee896
engine/litho/tetonic-app/src/run_service.rs,tetonic-app,workspace-package,reshape,mechanical-census,22732,d96bea4253dc75de03aa9b042096727f90399c46a1e2ed0e194299cf0cd84db4
engine/litho/tetonic-app/src/run_service_hooks.rs,tetonic-app,workspace-package,reshape,mechanical-census,2903,0ba8a2ec3a79f4f404196d3c840e70a024b785b764dc993b5f94d8701ffa25d9
engine/litho/tetonic-app/src/secret_scanner_factory.rs,tetonic-app,workspace-package,reshape,mechanical-census,3182,3b69299b04e9133d8ef8a0ec035a1cbec1bd0ce11a3f0b6faa612bd21622cd10
engine/litho/tetonic-app/src/semantic_effect.rs,tetonic-app,workspace-package,reshape,mechanical-census,7216,e7d5aa6d15a547b4f57bdb194dae8138af85b9acfb54a262f7c106c55a797b19
engine/litho/tetonic-app/src/services.rs,tetonic-app,workspace-package,reshape,mechanical-census,32442,60662b396f8651c1117cc20b595bfb56bae5720bcb468aa65e6092d07653f286
engine/litho/tetonic-app/src/session_authority_tests.rs,tetonic-app,workspace-package,reshape,mechanical-census,19950,c1bd4a6c9c15bd2fae19a6c93e45d40d50ede917eafbfc69d238a24cafd35fe0
engine/litho/tetonic-app/src/session_control.rs,tetonic-app,workspace-package,reshape,mechanical-census,1637,5bc8c870c5f70da05cf0a0009c1361d446daaa04952c267adfa4cd992806932b
engine/litho/tetonic-app/src/session_live.rs,tetonic-app,workspace-package,reshape,mechanical-census,23040,ac0d023b514372d292dacf796597b0d7c9a4e4452986f812704f29126a17ff1f
engine/litho/tetonic-app/src/spawn_budget.rs,tetonic-app,workspace-package,reshape,mechanical-census,2468,a9324e0ad89dd8e064a249f4725d502bed816d1f933ceadb865ef71e01d33f37
engine/litho/tetonic-app/src/store_audit.rs,tetonic-app,workspace-package,reshape,mechanical-census,3719,4d259499d87a62328e2d500dfa18f31832361e43c0f8dd274fb5dcc6860ab318
engine/litho/tetonic-app/src/test_harness.rs,tetonic-app,workspace-package,reshape,mechanical-census,4460,ee75a10bf566ac76c5c3ec65a1bd89c10696e479f86dc851b9431c01852e1beb
engine/litho/tetonic-app/src/thought_stream.rs,tetonic-app,workspace-package,reshape,mechanical-census,7308,abd45ab4c0a90272c0e04aaefc877eaccb454fcfd425c00e85eb968ef8e4f352
engine/litho/tetonic-app/src/tui_mvp_tests.rs,tetonic-app,workspace-package,reshape,mechanical-census,22226,9d194abb9d064273e6c9ad727c91c15e27b9dde194e992aca994caadcf2b2e94
engine/litho/tetonic-app/src/turn_attestation.rs,tetonic-app,workspace-package,reshape,mechanical-census,4396,3ceac9f53d5428e9363e3be8e4e9c96f2c791badcc6771968f7bdf786935b501
engine/litho/tetonic-app/src/turn_attestation_tests.rs,tetonic-app,workspace-package,reshape,mechanical-census,12023,d77f71b6eeb461dcd5dc1663eb08f3f649c58a3f168bbd1e691c7f048be99ac9
engine/litho/tetonic-app/src/turn_delivery.rs,tetonic-app,workspace-package,reshape,mechanical-census,5165,39eb959cb66c421225ca2fc2ff721b2cdf363a51bedb40b757372b65ded6a099
engine/litho/tetonic-app/src/turn_execution.rs,tetonic-app,workspace-package,reshape,mechanical-census,53651,8b8caf3caa1dd0ce4a03da51812ce70c1962a64a6210e11d1e8d48baefb69981
engine/litho/tetonic-app/src/turn_finalization.rs,tetonic-app,workspace-package,reshape,mechanical-census,1263,fbc9547fff1c20d5b6a4ae8e8fab28ffe93160118a93dd422cc099ee54d1404f
engine/litho/tetonic-app/tests/approval_binding_regressions.rs,tetonic-app,workspace-package,reshape,mechanical-census,4193,f17baafca8a947195f19dba187d0a1e25e0ce7c9a881dd61bd60b8537e0ba632
engine/litho/tetonic-app/tests/aud01_characterization.rs,tetonic-app,workspace-package,reshape,mechanical-census,8049,2279f7028f256aae631c6bf2fd39d61c3c79f08c1f99ddb8c67cc1455994189a
engine/litho/tetonic-app/tests/cap01_capabilities.rs,tetonic-app,workspace-package,reshape,mechanical-census,16446,e8763926a6d14e376ddccf02eb320b73512044f6a80c92d53090b8f849ef34ab
engine/litho/tetonic-app/tests/cli_assembly_parity.rs,tetonic-app,workspace-package,reshape,mechanical-census,4518,626fc72eed3d7328988c054ad6be40c3771e972f74ad1fcb5a81fd9df7d7f0a3
engine/litho/tetonic-app/tests/code01_definition.rs,tetonic-app,workspace-package,reshape,mechanical-census,6318,b8fe4e6166ca0fdda10ac30ab2d0dc335acea89a1a8ae65e3e77959ff4787340
engine/litho/tetonic-app/tests/code02_pins.rs,tetonic-app,workspace-package,reshape,mechanical-census,5469,895420fa6d6047d18de53e3ba9ab692d29a43e94a6c5d99fe8b0c3f7a6c6f16f
engine/litho/tetonic-app/tests/code03_pins.rs,tetonic-app,workspace-package,reshape,mechanical-census,11630,ca4f2823f58780d8e0646f41fe182c4be11077441730b798bc8c0b38eef70b7b
engine/litho/tetonic-app/tests/comp01_pins.rs,tetonic-app,workspace-package,reshape,mechanical-census,10885,a9aa648659319a8770ab944fe8b13d737dd2daaf8a43deb6f7543bc04b47ad16
engine/litho/tetonic-app/tests/fin03_contracts.rs,tetonic-app,workspace-package,reshape,mechanical-census,31681,081a486e7a855487585e6d3e6aa24b49127cbe2af7749ff19a3e936b73f0d282
engine/litho/tetonic-app/tests/gate01_pins.rs,tetonic-app,workspace-package,reshape,mechanical-census,9057,ee817421a267c27ea1eeee4aac80ac3480ebc740430a420036604f5b70ca71a8
engine/litho/tetonic-app/tests/h2_3_spawn_budget.rs,tetonic-app,workspace-package,reshape,mechanical-census,11945,e7a5dc32443c42bac43157df49248961b905b3c0bfe53c4996662cd0ff3aa217
engine/litho/tetonic-app/tests/iface02_approval.rs,tetonic-app,workspace-package,reshape,mechanical-census,32384,373f145486a7eb1ced5a7d2d7b448966e33780ee596fccac3ca90bf67dca9a02
engine/litho/tetonic-app/tests/obs02_envelope.rs,tetonic-app,workspace-package,reshape,mechanical-census,40129,e92d9fb15e53322dde4ca91b102ae9ecef36e48c01d35b1537097d373c82d4bd
engine/litho/tetonic-app/tests/obs02_finalization.rs,tetonic-app,workspace-package,reshape,mechanical-census,6188,5c5c6d04243da9305fc359a802b0a4b567498b52539e526081ebc961f70d209a
engine/litho/tetonic-app/tests/portal01_pins.rs,tetonic-app,workspace-package,reshape,mechanical-census,17783,dfac6b9d0f0b5cecbd58b806b4813b036360400616f145f02ffd12929e7a813e
engine/litho/tetonic-app/tests/sub01_loop.rs,tetonic-app,workspace-package,reshape,mechanical-census,16351,079e0002cccb78fc457fcb60d0a329164eb3948e284e6cfc0f81d531cecb4201
engine/litho/tetonic-app/tests/sub02_host.rs,tetonic-app,workspace-package,reshape,mechanical-census,11325,f866640b2891226990f9dea0134010febb453934dd5f84b9828b97e191bd14dc
engine/litho/tetonic-app/tests/sub03_isolation.rs,tetonic-app,workspace-package,reshape,mechanical-census,3231,f7c8e7e98ee98d4f8165cee2ea53b8fb01478c928ed6647dc3740711383f8a2b
engine/litho/tetonic-app/tests/sub04_compile.rs,tetonic-app,workspace-package,reshape,mechanical-census,5505,a75a2105483df8071740b1ff90939f47009787fbabf69ba2d3abb3a6d1e1ca41
engine/litho/tetonic-app/tests/support/lifecycle_contract.rs,tetonic-app,workspace-package,reshape,mechanical-census,8856,6ff6b7d0c4647cf77f56a0521675e53b0098609a8b38f600b597b1a4d4a7c38f
engine/litho/tetonic-app/tests/support/managed_failover.rs,tetonic-app,workspace-package,reshape,mechanical-census,9262,e3efc3d49eade5742867022f1d069b8dbc869bc17f4730a8287d5481db24466f
engine/litho/tetonic-app/tests/v4_audit_corrections.rs,tetonic-app,workspace-package,reshape,mechanical-census,50953,e87bcfdccf829476e1633d6b842ca9e0d0c57ef07f0634460bf465836b1e3af2
engine/litho/tetonic-app/tests/v4_proof_09.rs,tetonic-app,workspace-package,reshape,mechanical-census,10170,9c926b2c1f60584730658657c06db7684d15c0f18c863dc7bf0a153005a34940
engine/litho/tetonic-app/tests/work01_identity.rs,tetonic-app,workspace-package,reshape,mechanical-census,15961,9309baece913dbe65c0fe3759e8193ad6c5751d1d70bb16a27b36d28411f8fa4
engine/litho/tetonic-app/tests/work02_execution.rs,tetonic-app,workspace-package,reshape,mechanical-census,10688,2a0a161e4aee16b3f5c635bbb4ee3b9b8b423bf82746b660dac892d540262c70
engine/litho/tetonic-app/tests/work03_door.rs,tetonic-app,workspace-package,reshape,mechanical-census,17700,951bf107c85ea989313622434a976da42db22899a8b014c858fe208b856186d0
engine/litho/tetonic-app/tests/work04_lifetime.rs,tetonic-app,workspace-package,reshape,mechanical-census,33314,b7cdd6075a9c7df3f6844c6c2ec95994690d1fce53469ed0976473d2a986dfb8
engine/litho/tetonic-app/tests/work05_binding.rs,tetonic-app,workspace-package,reshape,mechanical-census,53922,695bffd0b5ad420df62cc64a8a288a40b43879ca064f5f817671ace0433a7c78
engine/litho/tetonic-app/tests/work06_session.rs,tetonic-app,workspace-package,reshape,mechanical-census,23388,9574fdb4bc2d7cd65b998e96707a4cf30a41dfe48351c5cb6648e0f5a81f3eac
engine/litho/tetonic-app/tests/workfin01_finalization.rs,tetonic-app,workspace-package,reshape,mechanical-census,10511,30ced9f1f0eccbe319ce010d3fb6b617bbca91945623a3cb254cb9640945c6b7
engine/litho/tetonic-app/tests/workfin02_terminal.rs,tetonic-app,workspace-package,reshape,mechanical-census,14840,371036699859ee8097ec528c0767ecd81c8f3572b360aab6d5fa36263d8bd869
engine/litho/tetonic-lsp/Cargo.toml,tetonic-lsp,workspace-package,isolate,mechanical-census,589,2c4d781a423fd954b9926948756a4a8e54050b14c39e0ded8bd8049ea3eb8201
engine/litho/tetonic-lsp/README.md,tetonic-lsp,workspace-package,isolate,mechanical-census,1971,09344aae2b13c70459d42bc9ba4452d6ae2ebe5ce68627e6efb66942a7f007ec
engine/litho/tetonic-lsp/src/client.rs,tetonic-lsp,workspace-package,isolate,mechanical-census,19178,c37193e0479b9e7c7ba806ca839f7a73ae5d96e2f9e607217ea059fcab653ad8
engine/litho/tetonic-lsp/src/detect.rs,tetonic-lsp,workspace-package,isolate,mechanical-census,5461,35562daca7680da5235f69863feae4a07d91f9df87fc3b9d641a0b49c4f9dc96
engine/litho/tetonic-lsp/src/framing.rs,tetonic-lsp,workspace-package,isolate,mechanical-census,4866,9f7e6e0857273506ac3923f6c9b91e9cf071ab10d22244cc1dec1ae249ae2f49
engine/litho/tetonic-lsp/src/inbox.rs,tetonic-lsp,workspace-package,isolate,mechanical-census,5342,5ea4ebd940b98ced0c7e22f56934685d5a83ad542ea42e2503879f1746ab3e0b
engine/litho/tetonic-lsp/src/launcher.rs,tetonic-lsp,workspace-package,isolate,mechanical-census,2919,4d6ceb620b24ef72752d1119cdf70364a96645df47a7649469b43ecce49080e2
engine/litho/tetonic-lsp/src/lib.rs,tetonic-lsp,workspace-package,isolate,mechanical-census,651,f50459aab19f47879a8b2932e3ff41931928ce959cf130bdbeba0b0da89c84bc
engine/litho/tetonic-lsp/src/pool.rs,tetonic-lsp,workspace-package,isolate,mechanical-census,5111,1ccd09b20063e60ca4dbf1a314b34eb1f97d58a201bb642ad1103347fe208b8a
engine/litho/tetonic-lsp/src/state.rs,tetonic-lsp,workspace-package,isolate,mechanical-census,2057,f138b2ff3062909df226209708c00f18df7b62e1adb9ffbcbff68faf247a2d96
engine/litho/tetonic-lsp/src/util.rs,tetonic-lsp,workspace-package,isolate,mechanical-census,2101,2a422e3d5b33b9a7bd1d42d75f22d7ab06dad3c9e66440adc8fd89589d8104a1
engine/litho/tetonic-lsp/src/writer.rs,tetonic-lsp,workspace-package,isolate,mechanical-census,7455,869f285059f50c69f8056e3c571c4ff907096846d3d6174849b2f961ea763273
engine/litho/tetonic-lsp/tests/integration.rs,tetonic-lsp,workspace-package,isolate,mechanical-census,6556,c65a8d2fc57df5812b03aec3f68c3bba80337c268e89a05b72db26222c81430d
engine/litho/tetonic-lsp/tests/support/command_launcher.rs,tetonic-lsp,workspace-package,isolate,mechanical-census,2310,6b7a5b0b4ee6519dc4950c325cad5fcc7d44808d12fc56d1476f88088d2f8e40
engine/litho/tetonic-lsp/tests/support/mock_server.rs,tetonic-lsp,workspace-package,isolate,mechanical-census,3753,591b49c0a56478b2d699fb9396487d3ba927d2a09c9b9ec797224076eca16637
engine/litho/tetonic-tools/Cargo.toml,tetonic-tools,workspace-package,isolate,mechanical-census,1063,687835b5df858dcc6b2c8f7c92ca3883bd4569580f53ddefa0620c7d67a7229f
engine/litho/tetonic-tools/README.md,tetonic-tools,workspace-package,isolate,mechanical-census,3978,239df3cf24450190df0ee5f6d7516cb2730272cc1b0638454f043f2e78cbfc43
engine/litho/tetonic-tools/fix_cmd.py,tetonic-tools,workspace-package,isolate,mechanical-census,729,17c63768f4be1a9332ba9059d414b90082b2388d931870854759902b6ea331ac
engine/litho/tetonic-tools/fix_tests.py,tetonic-tools,workspace-package,isolate,mechanical-census,3570,839d767ec49db22b438458612b9aaf6f5168a891d093c8dbd828d88b34af7d4a
engine/litho/tetonic-tools/src/cancellation_tests.rs,tetonic-tools,workspace-package,isolate,mechanical-census,7198,9c5ff981b3840f8db960da0180b083084703c9fa2f6734b5952c4b83388d4bcf
engine/litho/tetonic-tools/src/catalog.rs,tetonic-tools,workspace-package,isolate,mechanical-census,8903,0735030817ae02558828c25ec7bb7162f6771bb58cc75c43ec7aa2a918ff864f
engine/litho/tetonic-tools/src/exec.rs,tetonic-tools,workspace-package,isolate,mechanical-census,103,1fd1269e674652fb5373fefa9c5d3c63ac20c82a0b6c5c2606e9da2846c0c9cf
engine/litho/tetonic-tools/src/host.rs,tetonic-tools,workspace-package,isolate,mechanical-census,2319,9641c9b6106c060de61e1cc866910b33bb8bdc369dc5eea4ad2890b9cc5e4f83
engine/litho/tetonic-tools/src/integration_tests.rs,tetonic-tools,workspace-package,isolate,mechanical-census,20376,25cee6805c46275d77ef3ab32f23cb94f640d8b222d57908091b5908878487af
engine/litho/tetonic-tools/src/lib.rs,tetonic-tools,workspace-package,isolate,mechanical-census,32882,a4c48e866d0aa6948a10bbea7c0262ea45a66e3e79e7307991f9afc01dc19a10
engine/litho/tetonic-tools/src/lsp.rs,tetonic-tools,workspace-package,isolate,mechanical-census,5847,54d2146f01ed690b13d019a259e82b90e51ebe8b092ef52230b7dcedbcfd5630
engine/litho/tetonic-tools/src/lsp_ownership_tests.rs,tetonic-tools,workspace-package,isolate,mechanical-census,5286,e1c070c1ed9e451e567a3b4efff90a70aa27df55b34fd1bc8fb20e19b3936eee
engine/litho/tetonic-tools/src/mutation.rs,tetonic-tools,workspace-package,isolate,mechanical-census,29231,1a494491112c60b1b757ac62817862843c58bf7ff8801f129561fdb05b1ac5ae
engine/litho/tetonic-tools/src/orchestration.rs,tetonic-tools,workspace-package,isolate,mechanical-census,1412,b0c81b61b6f87a4890ad7626d6ec882272fdeea741404714d1b938d2511e610b
engine/litho/tetonic-tools/src/process_broker_m2_tests.rs,tetonic-tools,workspace-package,isolate,mechanical-census,7142,4d2d3bb92ee9b4ec3043499397f710c93176c0dbbf6b7494a8de73b7dee8cc97
engine/litho/tetonic-tools/src/process_executor.rs,tetonic-tools,workspace-package,isolate,mechanical-census,4476,6d40b329c2255fb6fb5611d13fac2fcd11a481cbe63269ed83505b6bcf7329f8
engine/litho/tetonic-tools/src/retrieval.rs,tetonic-tools,workspace-package,isolate,mechanical-census,6039,f01adb4f8d393804d6eb3a59bb36783fce6804c742dbdfe3b26f0032e5e21f24
engine/litho/tetonic-tools/src/sandbox_bridge.rs,tetonic-tools,workspace-package,isolate,mechanical-census,130,8a12d5816d9ab7907fca1aa73411f7fa4b9245e1e62bf3008ade96fbc49b583b
engine/litho/tetonic-tools/src/sink.rs,tetonic-tools,workspace-package,isolate,mechanical-census,2149,0c175e5d29bfdd42dff153ace2f05a1c0c58f5ccfa894110de34bef67b001e48
engine/litho/tetonic-tools/src/types.rs,tetonic-tools,workspace-package,isolate,mechanical-census,4250,998750d8e1388c4f3206908605880dd83219f85bf1d753399f88c0fe648de274
engine/litho/tetonic-tools/src/verify.rs,tetonic-tools,workspace-package,isolate,mechanical-census,17580,bfb79d6ee77d3798dade00ed1b75cecb2159969c781e1fba78b233760ae86646
engine/litho/tetonic-tools/src/workspace.rs,tetonic-tools,workspace-package,isolate,mechanical-census,5931,7ec6eea2d1e784b9831c5941237ede796fd6e42f9a7ee2e685efddfa796c4a2d
engine/litho/tetonic-tools/src/worktree.rs,tetonic-tools,workspace-package,isolate,mechanical-census,4052,1b2a037558239fd9885a3c8a9cb6e8d685ef90fadfbf2e2ac8fdc057820268a2
engine/litho/tetonic-tools/tests/exec_tests.rs,tetonic-tools,workspace-package,isolate,mechanical-census,1512,dba538de05fc9704cdea728bf59a0e22447c59aadf74f7711ad98e7b53f8f202
engine/litho/tetonic-tools/tests/process_executor_tests.rs,tetonic-tools,workspace-package,isolate,mechanical-census,7086,6c7c9c5af225e51f676b9c1d88c59126d79b47dc4f04eebdfc9722ecd577901e
engine/mantle/README.md,,repository-support,retain-review-in-context,mechanical-census,924,470d6a77e4cc092734fcac87fe40744401a14a862a51aedd7aeab53fba346abb
engine/mantle/tetonic-broker/Cargo.toml,tetonic-broker,workspace-package,keep-integrate,mechanical-census,1374,0d37ce595278113313c6072027af3289f634c82fab07b5f7f6d8f5f3d3b0913a
engine/mantle/tetonic-broker/README.md,tetonic-broker,workspace-package,keep-integrate,mechanical-census,5127,00d8fc05da09210a8a7d3d2f06ac00418eb03326537e881e45e4c6c744480dcc
engine/mantle/tetonic-broker/src/adapters/gated_process.rs,tetonic-broker,workspace-package,keep-integrate,mechanical-census,1384,270d2edaf5b092f9c0bf3ba8741851946da5bd909b93cd3e8bff3070047d5c6a
engine/mantle/tetonic-broker/src/adapters/inference.rs,tetonic-broker,workspace-package,keep-integrate,mechanical-census,15833,ea71b05a6cf550057c2d6fdf0541dbe488a8881e121f82ebcffa23548909e6c4
engine/mantle/tetonic-broker/src/adapters/mod.rs,tetonic-broker,workspace-package,keep-integrate,mechanical-census,288,9e6d9319a1c8e2347b7d8057abcfa88a5d9df214c1191b299cd5e5c5a919a81a
engine/mantle/tetonic-broker/src/adapters/process.rs,tetonic-broker,workspace-package,keep-integrate,mechanical-census,1283,b9d57cffac61cb6dcffaf9aeddca464003885374bb244a1380ada23d79ad7ce0
engine/mantle/tetonic-broker/src/admission.rs,tetonic-broker,workspace-package,keep-integrate,mechanical-census,12205,13c1d7e1a2d4f93ab9838f2ac20f9e3bd44d28074f0f8e3d8389d807d339e496
engine/mantle/tetonic-broker/src/broker.rs,tetonic-broker,workspace-package,keep-integrate,mechanical-census,35263,cdf95cf9ef9edc9a010d22db810975a84799ffc9116da692a3fd8ec6d6a5e3b4
engine/mantle/tetonic-broker/src/budget.rs,tetonic-broker,workspace-package,keep-integrate,mechanical-census,25374,8e03aab3bcabbdf0a48c773d9728f67c7f69d85e31a3e5a0bd6a406cccf5e72d
engine/mantle/tetonic-broker/src/chat_request.rs,tetonic-broker,workspace-package,keep-integrate,mechanical-census,3241,173a46e7ebdd0933509db772ba8749642ec11ee693b404d5178f7525415b812b
engine/mantle/tetonic-broker/src/dispatch.rs,tetonic-broker,workspace-package,keep-integrate,mechanical-census,13237,ad7d9947580f4161319d797b7c796127a52939c612cb240e6fd9021addca2c32
engine/mantle/tetonic-broker/src/job_profile.rs,tetonic-broker,workspace-package,keep-integrate,mechanical-census,3438,8324001f544fb64a6d8e87c58621837beaddb2a963d9f6480a077e4dc41c3b05
engine/mantle/tetonic-broker/src/lib.rs,tetonic-broker,workspace-package,keep-integrate,mechanical-census,2121,08ec506fd3be60e8a4447de1b12b8abd2416cb9438e8c18d20ab2a90522d8cc9
engine/mantle/tetonic-broker/src/metrics.rs,tetonic-broker,workspace-package,keep-integrate,mechanical-census,4972,bd9dcd2aac28c03cdc744ee4449a810425ce2454573e4611b87dc97d54bfbdbb
engine/mantle/tetonic-broker/src/persist.rs,tetonic-broker,workspace-package,keep-integrate,mechanical-census,11604,6c618894e5eaf0879cadc8ac34d41f81c2be7c9bfb3ce7dc712b2529d58c1069
engine/mantle/tetonic-broker/src/priority.rs,tetonic-broker,workspace-package,keep-integrate,mechanical-census,1447,9734d0efee9f7701f5ec4a5e0c4ef777b16cf122e2ea4836bb2fc8024bd677d3
engine/mantle/tetonic-broker/src/queue.rs,tetonic-broker,workspace-package,keep-integrate,mechanical-census,8476,c1e9b9c424fd3fe61f43df4ca197e55fd2ecf3d621e121057d8c60954b5cccdd
engine/mantle/tetonic-broker/src/scheduler/attempt_lease.rs,tetonic-broker,workspace-package,keep-integrate,mechanical-census,31798,4a92210ae3ca5602e20528fb269caf459c0e3de7ab19f17d613ae45ac1bb57d0
engine/mantle/tetonic-broker/src/scheduler/calibration.rs,tetonic-broker,workspace-package,keep-integrate,mechanical-census,3835,e08acb41f5ca587cf823aa4ef3193023d93f374aee6780756ecd881cce47a9b4
engine/mantle/tetonic-broker/src/scheduler/circuit.rs,tetonic-broker,workspace-package,keep-integrate,mechanical-census,3331,a853847d4201f86ef9afa966d6869322a448b4d1b1653cd233b47e7a4364669c
engine/mantle/tetonic-broker/src/scheduler/estimate.rs,tetonic-broker,workspace-package,keep-integrate,mechanical-census,2463,44e5d29a1d4c28539a7c6f268105ea498430b075484781c559842c8e41889020
engine/mantle/tetonic-broker/src/scheduler/failover.rs,tetonic-broker,workspace-package,keep-integrate,mechanical-census,30900,b007e97a44b9f0fef81432c116e2c1712c423836d2fde33b743b3cf49b95159b
engine/mantle/tetonic-broker/src/scheduler/fallback.rs,tetonic-broker,workspace-package,keep-integrate,mechanical-census,4644,a102a85cd8a674ff505840dc24b066b03c03bfed939dd8924f82fe5a3bfa6b51
engine/mantle/tetonic-broker/src/scheduler/hop_placement.rs,tetonic-broker,workspace-package,keep-integrate,mechanical-census,8896,827e47cc119b245cbe859fcb7aa050135b8ce646920168326b22d9bfe15f9681
engine/mantle/tetonic-broker/src/scheduler/infer_schedule.rs,tetonic-broker,workspace-package,keep-integrate,mechanical-census,7534,d14b581939cbd47cb4449e5402eba007bf4a62b523d77c5d2f89abcc6aabdb44
engine/mantle/tetonic-broker/src/scheduler/mod.rs,tetonic-broker,workspace-package,keep-integrate,mechanical-census,1407,8ab9ed5b3487475dabe683b6de5c423289ff5b8de7313f41070de8d42a616fd4
engine/mantle/tetonic-broker/src/scheduler/persist.rs,tetonic-broker,workspace-package,keep-integrate,mechanical-census,9891,beae3f729e10d4694309623ab31f23db0f706fb21d2613435aef8a30e81b8995
engine/mantle/tetonic-broker/src/scheduler/score.rs,tetonic-broker,workspace-package,keep-integrate,mechanical-census,9367,12c8ee3f9a4453d5334d64031c59595c54a8ae5cf7c8560e913c6aaa5c548ca0
engine/mantle/tetonic-broker/src/scheduler/speculate.rs,tetonic-broker,workspace-package,keep-integrate,mechanical-census,3091,008106b60be77664e332d012313345afec18b7c3aac3de56a30c85848f50ab52
engine/mantle/tetonic-broker/src/scheduler/stamp.rs,tetonic-broker,workspace-package,keep-integrate,mechanical-census,9261,0846407c7b19de9e69d0865e0c4be0839c1f0694d9bfb941ea9ee9f0e52dd886
engine/mantle/tetonic-broker/src/scheduler/types.rs,tetonic-broker,workspace-package,keep-integrate,mechanical-census,2811,4b83f1f7ae08786497b05494b14d5e956a7ad2a24f31581c8484c030a214ab58
engine/mantle/tetonic-broker/src/types.rs,tetonic-broker,workspace-package,keep-integrate,mechanical-census,5351,a62d4d6591241ad0d8f1ba9f7293ea98d7a1a2f7a1ef1ae21c24ec68ffef05be
engine/mantle/tetonic-broker/tests/admission_matrix.rs,tetonic-broker,workspace-package,keep-integrate,mechanical-census,22908,e9a2988ebb9e3fff6d817b9cbd7d0431f88029a4ed3e6a152490e08622b7ef31
engine/mantle/tetonic-broker/tests/no_v4_dispatch.rs,tetonic-broker,workspace-package,keep-integrate,mechanical-census,11841,e88d28637ea10c625575fbccdacef680a752d5a9960412b76223e836f0bd826d
engine/mantle/tetonic-broker/tests/scheduler_bench.rs,tetonic-broker,workspace-package,keep-integrate,mechanical-census,6494,165bf04a36d32a19f192e7517a0950a32de9b0bff35a3816f90de0f68b1ee0cf
engine/mantle/tetonic-broker/tests/scheduler_matrix.rs,tetonic-broker,workspace-package,keep-integrate,mechanical-census,41601,3a8b4be82fbd5baf23c808f3ab23a1089b5de5654b8c6aa93848a5b3b230c479
engine/mantle/tetonic-capacity/Cargo.toml,tetonic-capacity,workspace-package,isolate,mechanical-census,945,450b6c82a33f18daf44ca0d30c09ae5e7f74e7d12a93ff7c9b9669556b4154f4
engine/mantle/tetonic-capacity/src/applier.rs,tetonic-capacity,workspace-package,isolate,mechanical-census,3708,4bc45b119629ac84e8a370d6ef301f17c6964008d255079a02512e10a441b66f
engine/mantle/tetonic-capacity/src/bench.rs,tetonic-capacity,workspace-package,isolate,mechanical-census,1369,3246416bf954afa0f22df56f3c5716c31d33062699c9e4be6bef4fd8cb1f4df2
engine/mantle/tetonic-capacity/src/client.rs,tetonic-capacity,workspace-package,isolate,mechanical-census,3987,568a360fec8b564e7fa0d8427fe74754ee4b01510e42d312788cbf3223dee625
engine/mantle/tetonic-capacity/src/defaults.rs,tetonic-capacity,workspace-package,isolate,mechanical-census,1950,d74469a853c24185cd905b4a02c53872223baab041637c9ca2e9d966f509bc6a
engine/mantle/tetonic-capacity/src/detect.rs,tetonic-capacity,workspace-package,isolate,mechanical-census,4163,0e271c0d3e960f96dedb07e66fca05c302409c30ae1b78477f267188be048e40
engine/mantle/tetonic-capacity/src/doctor.rs,tetonic-capacity,workspace-package,isolate,mechanical-census,8002,2d3bda2040ff902e6f96291bb2004a1f73f0c604f5250637fda8d91b6337afc7
engine/mantle/tetonic-capacity/src/gates.rs,tetonic-capacity,workspace-package,isolate,mechanical-census,7647,05905b9e0187fa48b7ed28ce4b705a8bcf3eac70e876c2ad8096a3c1d7b4a67c
engine/mantle/tetonic-capacity/src/job.rs,tetonic-capacity,workspace-package,isolate,mechanical-census,1398,a3ca22ec885d7596aac14ca5d0f46b54aef228c017a37765cab7280fab4dc231
engine/mantle/tetonic-capacity/src/lib.rs,tetonic-capacity,workspace-package,isolate,mechanical-census,2398,7d31acedbf0b34927606df944164cde87b1eb9ae0ee89f373fccd9f336a871c3
engine/mantle/tetonic-capacity/src/microbench.rs,tetonic-capacity,workspace-package,isolate,mechanical-census,1938,3884ee89e98be9b48ba61c8e534df33ce47d61f5092d57a64d3d65108c908cbf
engine/mantle/tetonic-capacity/src/model_fit.rs,tetonic-capacity,workspace-package,isolate,mechanical-census,1631,334cbea0bbde6919e0ca0a560af65cb076399befb2d54272a0e3498f7a79679d
engine/mantle/tetonic-capacity/src/optimizer.rs,tetonic-capacity,workspace-package,isolate,mechanical-census,19312,f6ab4d1ed088aa0bcc4cb6d376411e0eacf598a31e64ee5694343a13fab6c190
engine/mantle/tetonic-capacity/src/optimizer_residency_tests.rs,tetonic-capacity,workspace-package,isolate,mechanical-census,4032,ed2d89ac848193175fef52c4583233c30ab781af5bdca1b54a9de3922d5f5e4f
engine/mantle/tetonic-capacity/src/paths.rs,tetonic-capacity,workspace-package,isolate,mechanical-census,448,ce0476c9de951103ac9b2c336267bba6f41e6036947cf28d769431eea7026094
engine/mantle/tetonic-capacity/src/probe.rs,tetonic-capacity,workspace-package,isolate,mechanical-census,3985,6b565d8e4d7c004a459e4cba1060d5d9c26f27245b206b55e93299f8dbcdf6f8
engine/mantle/tetonic-capacity/src/profile.rs,tetonic-capacity,workspace-package,isolate,mechanical-census,6164,dd024725861796a80e9f075900b9e77c1f6b8e6b62c603bbc0891fd8e35162e6
engine/mantle/tetonic-capacity/src/report.rs,tetonic-capacity,workspace-package,isolate,mechanical-census,4798,d148949650eac78d9a6783dd005c187f60c90653519ef1e995e0be20d7a37bcf
engine/mantle/tetonic-capacity/src/service.rs,tetonic-capacity,workspace-package,isolate,mechanical-census,8342,2eae131f8a5403495cee798158990bbafb18aa2d8a44e43c0448ba6a75584046
engine/mantle/tetonic-capacity/src/status.rs,tetonic-capacity,workspace-package,isolate,mechanical-census,2726,3331e24bec145dd75fcc17d98a05f0e171d573f65a065dadc2e4f93b94c095a0
engine/mantle/tetonic-capacity/src/store.rs,tetonic-capacity,workspace-package,isolate,mechanical-census,9153,0874396ae1c7f97ba75cc5892a72fc7ccc543e7a50b39d0ecde826e4585253ba
engine/mantle/tetonic-capacity/src/worker.rs,tetonic-capacity,workspace-package,isolate,mechanical-census,6114,cb8002a148b7411d469ad9883444f0bfdce34aa9f5e38d5c5fef8c20914634cb
engine/mantle/tetonic-enroll/Cargo.toml,tetonic-enroll,workspace-package,keep-integrate,mechanical-census,1207,965652267f4abf58dab9820779972896703edcb97713d9fa546ee6e9e531c294
engine/mantle/tetonic-enroll/README.md,tetonic-enroll,workspace-package,keep-integrate,mechanical-census,1601,be6434734b7a2eff877e8d8ddfe7f9b169e1972174a0cd7b558f1b5ae4d5f940
engine/mantle/tetonic-enroll/src/bind_policy.rs,tetonic-enroll,workspace-package,keep-integrate,mechanical-census,1848,01d396d0b386fbd60d586d042d5129efde1487744193fb1ae58da25c5a0775c2
engine/mantle/tetonic-enroll/src/code.rs,tetonic-enroll,workspace-package,keep-integrate,mechanical-census,7786,d33348c5350f2a4c150b54389ba9b1a54cf9567787e84dbd2e45e7b004f94d77
engine/mantle/tetonic-enroll/src/crypto.rs,tetonic-enroll,workspace-package,keep-integrate,mechanical-census,2543,85a29377856c79ad1976450d43cac52e3141452cd306f63d6b86d0ff5d481df8
engine/mantle/tetonic-enroll/src/egress.rs,tetonic-enroll,workspace-package,keep-integrate,mechanical-census,415,37734a62c3c9000d30e09d1cb8f764d3bade65d280564d689589925dcb195680
engine/mantle/tetonic-enroll/src/handshake.rs,tetonic-enroll,workspace-package,keep-integrate,mechanical-census,13278,421734138dda68b24efd3516a506bbbdfddab3b14229ce54eb1d6a5d325f5343
engine/mantle/tetonic-enroll/src/http.rs,tetonic-enroll,workspace-package,keep-integrate,mechanical-census,5235,b7c51f5536ca87afb2b44e7f1bddf8b1bc2d81a0186ae96a159df29dedb89cc8
engine/mantle/tetonic-enroll/src/lib.rs,tetonic-enroll,workspace-package,keep-integrate,mechanical-census,792,8cbd00450ff8d64cde8599904e2ea6dfe514ec06a71ae348e950c4628f71cfd3
engine/mantle/tetonic-enroll/src/resolve.rs,tetonic-enroll,workspace-package,keep-integrate,mechanical-census,1289,f69bedf2b9a2ee8011a8ffec6505a81afc886f647cc5d94afc7fd4a15e590dff
engine/mantle/tetonic-enroll/src/server.rs,tetonic-enroll,workspace-package,keep-integrate,mechanical-census,22582,93c6dbb9f3463ccb2bb9d17b5c636363be2861a57351c1096488999ccf9f9ba7
engine/mantle/tetonic-enroll/src/tls.rs,tetonic-enroll,workspace-package,keep-integrate,mechanical-census,893,7357d4bd48d63a5e259aeb35cf98fc5017a4632de2f80965a4ca04bf63118822
engine/mantle/tetonic-node/Cargo.toml,tetonic-node,workspace-package,reshape,mechanical-census,1937,96591bb635eedb12df65e58514d89281c023d87032d25e0b9d8cc08800831034
engine/mantle/tetonic-node/KEY-STORAGE.md,tetonic-node,workspace-package,reshape,mechanical-census,6084,c029d994acc86974b35157626c820903022b614398f800553e6f36adf02ea447
engine/mantle/tetonic-node/README.md,tetonic-node,workspace-package,reshape,mechanical-census,3508,afd23f755dd7e93bc0dcec439e000688a4112e1871ab42ba264db69cb2a3c490
engine/mantle/tetonic-node/src/bind.rs,tetonic-node,workspace-package,reshape,mechanical-census,1086,85f56e673cb744c78c19c67c9ab5637564600fceeeda047a0dbf1115b26eb1c3
engine/mantle/tetonic-node/src/conn.rs,tetonic-node,workspace-package,reshape,mechanical-census,1503,ec327d290afb2b4128ef5eda524cc7d24d145edcf7d133f1f7740c86f5c5b6df
engine/mantle/tetonic-node/src/event.rs,tetonic-node,workspace-package,reshape,mechanical-census,3923,e6a046029307ca7c91f2595a41bbcf681a6ea892eba461e203d6c465ea154785
engine/mantle/tetonic-node/src/fabric.rs,tetonic-node,workspace-package,reshape,mechanical-census,25962,c6dab1d96de9da4d1719be2dda6d9f6d6ac4c8d61c9c8f0c5fd9e150e364edd1
engine/mantle/tetonic-node/src/fabric_chat.rs,tetonic-node,workspace-package,reshape,mechanical-census,42221,5a1588e64ab65bc8e2fc726541807782e5479b01a5b5171d465a92c83424e9e1
engine/mantle/tetonic-node/src/ingress_deadline_tests.rs,tetonic-node,workspace-package,reshape,mechanical-census,8382,f81dbae89f8a3430a0485e8fa0ac150b268c3d3adbfd7b73d0efc81690692206
engine/mantle/tetonic-node/src/job_ingress.rs,tetonic-node,workspace-package,reshape,mechanical-census,9938,f83bc6d17320eb5151d890bec61b394552fa1ff835b0c0fcd6aee5fdd0318001
engine/mantle/tetonic-node/src/lease_table.rs,tetonic-node,workspace-package,reshape,mechanical-census,3071,57036f73d348193ca450d6e18d8cb6220096b6dbd0a20c0a2e0784ee6ed847cb
engine/mantle/tetonic-node/src/lib.rs,tetonic-node,workspace-package,reshape,mechanical-census,1009,e8ee38acedc9a2508d79ca43305a1db129c717d8ee30ae34fe45209f444c34af
engine/mantle/tetonic-node/src/limits.rs,tetonic-node,workspace-package,reshape,mechanical-census,900,fb257bfa2428005087d167e06069f18c26a3fd976f08c5cf600ab3e812e1d3e7
engine/mantle/tetonic-node/src/revoke.rs,tetonic-node,workspace-package,reshape,mechanical-census,2274,dfa6d7a3391f752413420668461d4bddd89661f4b5b9583131978e4d023cf311
engine/mantle/tetonic-node/src/role.rs,tetonic-node,workspace-package,reshape,mechanical-census,17829,748619107abe1f8f7461ced86950a12db651a7bea8447c040cbe836e13eef048
engine/mantle/tetonic-node/src/scheduler.rs,tetonic-node,workspace-package,reshape,mechanical-census,15591,d766dd20743951bb82a4a34b82570d34df22d963ec1ba73642bea2349233216d
engine/mantle/tetonic-node/src/server.rs,tetonic-node,workspace-package,reshape,mechanical-census,24848,a35e4916b91e26551d6d3bccbb396e3f22198df4cddcfbdce42498408322904c
engine/mantle/tetonic-node/src/tls.rs,tetonic-node,workspace-package,reshape,mechanical-census,7630,4423e242887695f82a49cb97272dccec2197f54164cb3e513be73f27e0f448c8
engine/mantle/tetonic-node/src/tls_identity.rs,tetonic-node,workspace-package,reshape,mechanical-census,4822,0509a7acaaafaab55838ea9a13dfd231b9c621c88658a3395749fff7893cb275
engine/mantle/tetonic-node/src/tls_identity/tests.rs,tetonic-node,workspace-package,reshape,mechanical-census,11728,26a1cd2569eac226ff763043b5da2dd5328dce8c74202450fb1dbf4e0d0058ad
engine/mantle/tetonic-node/src/trust.rs,tetonic-node,workspace-package,reshape,mechanical-census,4107,05570dc2472fd781951e51222f1aeb9b5ee06ca1e8a38516cccdfcf1b3f2b3ad
engine/mantle/tetonic-node/tests/aud01_characterization.rs,tetonic-node,workspace-package,reshape,mechanical-census,468,85ce0e2c81f7a85600884cf604198439700739915d2318fffb86593cc0e152b5
engine/mantle/tetonic-orchestrator/Cargo.toml,tetonic-orchestrator,workspace-package,split,mechanical-census,1170,7b18792505cd73049bc32defe9fd6f8e5ae01e83d0c83a63e92521165802e0b9
engine/mantle/tetonic-orchestrator/README.md,tetonic-orchestrator,workspace-package,split,mechanical-census,5667,159a0bdc3ec5365b6d43a4cccb49533e246c18db7ebcb92c2e441c59e5b64768
engine/mantle/tetonic-orchestrator/src/briefing.rs,tetonic-orchestrator,workspace-package,split,mechanical-census,13064,09f887510cb51a83a375311658a9d005dcbe9a7beecacf1d7f22ef29cfcc1b68
engine/mantle/tetonic-orchestrator/src/critic.rs,tetonic-orchestrator,workspace-package,split,mechanical-census,7919,08375f193a6121bb3a6ec9e15ffcecda8b2fdf57de4607dba794d72a875705c9
engine/mantle/tetonic-orchestrator/src/domain_pack.rs,tetonic-orchestrator,workspace-package,split,mechanical-census,2007,71a7b3f288da01d0775b534f4a475c0001156ca7688beb47b4dec7e9214d311d
engine/mantle/tetonic-orchestrator/src/fleet.rs,tetonic-orchestrator,workspace-package,split,mechanical-census,9410,d8041b72237c71ac5e47ce92853c3e378deab1d8430fd396105344d5b0b98dc4
engine/mantle/tetonic-orchestrator/src/fleet_supervisor.rs,tetonic-orchestrator,workspace-package,split,mechanical-census,16797,100890b73e60b98d6d2dfc697b39e52918b0fcd4af410e381ea61727703fb6eb
engine/mantle/tetonic-orchestrator/src/handoff.rs,tetonic-orchestrator,workspace-package,split,mechanical-census,4023,eca75c17f9b50a24de0a643d5993f53b731c5ca0cfb0f888fee0575e1dfb7b33
engine/mantle/tetonic-orchestrator/src/host.rs,tetonic-orchestrator,workspace-package,split,mechanical-census,6657,5d6c070d9904490eeb0187c86a2828f2ad1db13112b76aee78f9bca4c4d86458
engine/mantle/tetonic-orchestrator/src/lib.rs,tetonic-orchestrator,workspace-package,split,mechanical-census,1962,72157412e95b375bc7af495e4032c7ed1ee325dd8081d987b150ec86e9ca7893
engine/mantle/tetonic-orchestrator/src/router.rs,tetonic-orchestrator,workspace-package,split,mechanical-census,13147,b1069232ebfd6c8f1d1a88ae0fa5d6148b33773255727f20632f909281c0ee24
engine/mantle/tetonic-orchestrator/src/router_llm.rs,tetonic-orchestrator,workspace-package,split,mechanical-census,5565,4a0528f1431f4de752b26512f9bd8fef3c74d64e8d8c75c630c6febd5063888a
engine/mantle/tetonic-orchestrator/src/run.rs,tetonic-orchestrator,workspace-package,split,mechanical-census,10977,c471d436ebe4fe9bf04edcb25f98c62a05c8a7223f4b847e2f281962c506b373
engine/mantle/tetonic-orchestrator/src/security_fixture_tests.rs,tetonic-orchestrator,workspace-package,split,mechanical-census,3113,0aaa0d76e8f2ac5da91b3ad38d9f8e3038742593d34081724359c9bb877d398c
engine/mantle/tetonic-orchestrator/src/spawn.rs,tetonic-orchestrator,workspace-package,split,mechanical-census,1424,53a4316f99a1e37432ce26b090c2820a985dda2b2c9a491d54add3b1efb8c5c5
engine/mantle/tetonic-orchestrator/src/spawn_budget.rs,tetonic-orchestrator,workspace-package,split,mechanical-census,3189,f96a3427829ac92182a86731fc5750127ff1b2cce8af645cef51c0d6c29759cb
engine/mantle/tetonic-orchestrator/src/spawn_host.rs,tetonic-orchestrator,workspace-package,split,mechanical-census,4167,61ac3d19d1fe165ab4b6ca724e5279886f4f1f70fa356897600a23a79ca91184
engine/mantle/tetonic-orchestrator/src/spawn_session.rs,tetonic-orchestrator,workspace-package,split,mechanical-census,2979,19c2376d18865fcabd2cf12abc90c4849c6e3f5e77a14cb0a419e5f240ded373
engine/mantle/tetonic-orchestrator/src/specialist.rs,tetonic-orchestrator,workspace-package,split,mechanical-census,10372,b005469aa9814c690255f54eb43a20584f9a39cbb736893a14030ec92ba8e84a
engine/mantle/tetonic-orchestrator/src/turn.rs,tetonic-orchestrator,workspace-package,split,mechanical-census,18688,d44112580d67d347ef3a8e818e98baa0b18ab1414e79a7e8063368935676e42f
engine/mantle/tetonic-orchestrator/src/turn_tests.rs,tetonic-orchestrator,workspace-package,split,mechanical-census,24904,d9601ad3652842a82a7ff6cc330538461cc33ca1099275d29531ef765b9fab39
engine/mantle/tetonic-orchestrator/tests/aud01_characterization.rs,tetonic-orchestrator,workspace-package,split,mechanical-census,6102,3f1917538afb9802b372811aa8f479b6e31078be71566eeb509b5390b3bb1e56
engine/mantle/tetonic-run/Cargo.toml,tetonic-run,workspace-package,keep-generalize,mechanical-census,1315,0ae34b83ac6ddca75cecaef020f9acf632b6dd887134d1a5cc80c2e6a138e81c
engine/mantle/tetonic-run/src/acceptance.rs,tetonic-run,workspace-package,keep-generalize,mechanical-census,6420,853e71a94970746b449916653170c6144f800b1b31edddf904495325cab1e62d
engine/mantle/tetonic-run/src/dag.rs,tetonic-run,workspace-package,keep-generalize,mechanical-census,9807,7c9a12b35fb7245e7f93320bcc4f960bccf8cbdcacbc9f1ddaaa92fbd69cddbd
engine/mantle/tetonic-run/src/idempotency.rs,tetonic-run,workspace-package,keep-generalize,mechanical-census,2121,65819d2d028126459e2e4b2da2df84b33c548bcf82d787e2b1e311333919d186
engine/mantle/tetonic-run/src/identity.rs,tetonic-run,workspace-package,keep-generalize,mechanical-census,3034,7be97a0225f4609f0c3c3de4e8f69df2c75412e788af0db6a366a4d80fd92849
engine/mantle/tetonic-run/src/infer_admission.rs,tetonic-run,workspace-package,keep-generalize,mechanical-census,7549,545eef651e304159429d628637a22365737f2878eb6e87d9a697d4c747d7c6b1
engine/mantle/tetonic-run/src/lease.rs,tetonic-run,workspace-package,keep-generalize,mechanical-census,2430,cdd35181a727f6aa9b88bed1b2b49fc68f54718103cd9d190c5fcf7bdb792685
engine/mantle/tetonic-run/src/lib.rs,tetonic-run,workspace-package,keep-generalize,mechanical-census,1589,465566b3fba50734d2eef0644e970a3f3c96704271bcd29fe13c84539727e611
engine/mantle/tetonic-run/src/managed/admission.rs,tetonic-run,workspace-package,keep-generalize,mechanical-census,18776,309a97e3181813becec9e489a74244370a54df0fc0274565e688295600f8840c
engine/mantle/tetonic-run/src/managed/attestation.rs,tetonic-run,workspace-package,keep-generalize,mechanical-census,3836,f2d2b65790f597733f014348b55e59f9257a088a65cdb8beef2c30a2ca36a750
engine/mantle/tetonic-run/src/managed/contracts.rs,tetonic-run,workspace-package,keep-generalize,mechanical-census,3393,11de197523119501859c9b42deb7e2812177e0252990af7d90b025d7ecd8f4c9
engine/mantle/tetonic-run/src/managed/execution.rs,tetonic-run,workspace-package,keep-generalize,mechanical-census,12666,000e332329578e6384863a8e403c4a7a72818d3d29c39f9ec0e9c49b871dc8da
engine/mantle/tetonic-run/src/managed/finalization.rs,tetonic-run,workspace-package,keep-generalize,mechanical-census,18761,e745ffb9555724529199b9f96dd77c96213c50294af3878997d52a646ff7fc75
engine/mantle/tetonic-run/src/managed/lifetime.rs,tetonic-run,workspace-package,keep-generalize,mechanical-census,8645,c826c24eb91ea21d7ec219fec973264e1d3d540745b3193e2699b14a4b1a9fc0
engine/mantle/tetonic-run/src/managed/mod.rs,tetonic-run,workspace-package,keep-generalize,mechanical-census,330,1ff691212a9d6d0187ec894cc2fef29c05d97fb155ac93685d9bd98bf728b857
engine/mantle/tetonic-run/src/managed/service.rs,tetonic-run,workspace-package,keep-generalize,mechanical-census,11046,be86258c916cfeff0d32ff12a039608defe4eb48cd4771394fcb3f6b4decb786
engine/mantle/tetonic-run/src/metrics.rs,tetonic-run,workspace-package,keep-generalize,mechanical-census,1033,6cc96843975b27e7f69c7ceec797e1e6e5315b2515e1b5e1641fbb08b927933d
engine/mantle/tetonic-run/src/migration.rs,tetonic-run,workspace-package,keep-generalize,mechanical-census,2103,6a0347e8ff7e5f4804c7d232d3e7a0d92689dfcd4f523deddfb716838bd3fe8e
engine/mantle/tetonic-run/src/payload_digest.rs,tetonic-run,workspace-package,keep-generalize,mechanical-census,2113,c6f3ac2c2b93136be975852b806a989ec5b6dc3f2a8d9eda54c5ee9ded6b44ac
engine/mantle/tetonic-run/src/quotas.rs,tetonic-run,workspace-package,keep-generalize,mechanical-census,1588,55768ebb5c6f8010baea76ffad5a9e44ef24dade5497419e3bb5276204c7b6bc
engine/mantle/tetonic-run/src/recovery.rs,tetonic-run,workspace-package,keep-generalize,mechanical-census,3982,b264876879cba5b2f8f9042b6b6f4322b42ef3811ce0c42dca40002c5a78c9f1
engine/mantle/tetonic-run/src/replay.rs,tetonic-run,workspace-package,keep-generalize,mechanical-census,1703,67ea79a38248834e26881419745c4c6bb057cf2b2205ee37457efafc8e3605ff
engine/mantle/tetonic-run/src/retry.rs,tetonic-run,workspace-package,keep-generalize,mechanical-census,2837,bf1fca480e8697ff7ceaa92df2f05f15598638dd80da18f7cc93c246e683edfe
engine/mantle/tetonic-run/src/service.rs,tetonic-run,workspace-package,keep-generalize,mechanical-census,35820,67f907627b5edc8e6a1debe220e70adf56adc31371a1a2fe3186ec198f20f533
engine/mantle/tetonic-run/src/side_effect.rs,tetonic-run,workspace-package,keep-generalize,mechanical-census,1522,5dfaa4c16fa57330e8b6f9b3f235f8a74073b7ffd9c68320135a7297e942828c
engine/mantle/tetonic-run/src/transition.rs,tetonic-run,workspace-package,keep-generalize,mechanical-census,29481,3c954b9b15297abdc440ddaf60d2c73049ccc619107baacd4cdc781e523d1e5a
engine/mantle/tetonic-run/tests/cmp02_hop.rs,tetonic-run,workspace-package,keep-generalize,mechanical-census,7765,e84ea8a1e4d7211b2cfce96664e438eff45949f93f13da4bbf64daf63eaa5de9
engine/mantle/tetonic-run/tests/execution_claim.rs,tetonic-run,workspace-package,keep-generalize,mechanical-census,1481,5b8670430dca32826128a0a8396f472854e2afee38e11d7100079e0b349645d0
engine/mantle/tetonic-run/tests/fault_matrix.rs,tetonic-run,workspace-package,keep-generalize,mechanical-census,24499,3d641c9efdf103c2e2aa7c2dd389c7058f7f46183de257eeb0ebca2949d23119
engine/mantle/tetonic-run/tests/harness.rs,tetonic-run,workspace-package,keep-generalize,mechanical-census,7760,ff977a12ed3c176210856cfd594da80062d82e943b4939ffd04f20ac7fbd134c
engine/mantle/tetonic-run/tests/legacy_event_replay.rs,tetonic-run,workspace-package,keep-generalize,mechanical-census,3608,649b20b55d29650a8d8b8d833929848eec04aa8b8c046cc29bb51d6240337d56
engine/mantle/tetonic-run/tests/m3_4_tests.rs,tetonic-run,workspace-package,keep-generalize,mechanical-census,7666,c89dc1b1bef239a68a5b346b8d899f060640c87913ed1b7730fc097c35c4d33d
engine/mantle/tetonic-run/tests/m6_durable_integrity.rs,tetonic-run,workspace-package,keep-generalize,mechanical-census,10136,1dfdae6409a632393e809017d85e1ace88142f361ccafd6fd42fb04884a27fba
engine/mantle/tetonic-run/tests/managed_service_tests.rs,tetonic-run,workspace-package,keep-generalize,mechanical-census,21461,787341a4b71ef878cfc10f3cccde3088275838ad85df981ede6b6dc58ea971ac
engine/mantle/tetonic-run/tests/matrix.rs,tetonic-run,workspace-package,keep-generalize,mechanical-census,22064,7a89c95b3977617c1e1b19d478208cd68c087d2db076b030660885087fd288ba
engine/mantle/tetonic-run/tests/workfin01_claim.rs,tetonic-run,workspace-package,keep-generalize,mechanical-census,4764,109df47eb0ebfa4d4be1f14fcda61f53d7f6b2190cb6c5f9aeaeed11ca76a4b1
engine/mantle/tetonic-server/Cargo.toml,tetonic-server,workspace-package,replace-composition,mechanical-census,767,6e4239f7390861fd18995a07d64b236778a17ff77ec0ee4c5faf1d652c21d6ae
engine/mantle/tetonic-server/README.md,tetonic-server,workspace-package,replace-composition,mechanical-census,4662,64dea934aa3ef11d0148670ab422fa4eabdbe7fd58e7de362be4b6510a0cba92
engine/mantle/tetonic-server/src/context_budget.rs,tetonic-server,workspace-package,replace-composition,mechanical-census,4196,3b36c3c64dc57dda69e6c8b9140a67884f2399ba846fb3249a69f91f481cf1ab
engine/mantle/tetonic-server/src/experience.rs,tetonic-server,workspace-package,replace-composition,mechanical-census,4506,01215dd145b4cbf43bf01be1643a2760797a747027043b055aad9769e168b1a6
engine/mantle/tetonic-server/src/main.rs,tetonic-server,workspace-package,replace-composition,mechanical-census,8490,713f6285669a1569c22472d515856440e943fce50a38e9a7eae01c23690fcee2
engine/mantle/tetonic-server/src/observability.rs,tetonic-server,workspace-package,replace-composition,mechanical-census,4352,8d3167b07f6a7218d1322ac1f13e4db2b35431a5c602cfd95ca5a4783c4d908e
engine/mantle/tetonic-server/src/perceptive_brain.rs,tetonic-server,workspace-package,replace-composition,mechanical-census,22069,d1e739037459f746e81dd7e828227008a847517b153b45ca0841377ad45c71ef
engine/scripts/gen_fabric_protocol_doc.py,,repository-support,retain-review-in-context,mechanical-census,6500,b35eed3a385012ef44b6622916dab8255edfd0c42120ac8761dc9d6dfa290659
engine/scripts/gen_ts_protocol.py,,repository-support,retain-review-in-context,mechanical-census,7766,a803ff24e87551d267cedb73d5e185f15322094064d9be2e3c567b8515d72ee0
engine/scripts/run_required_tests.py,,repository-support,retain-review-in-context,mechanical-census,1151,c985518fde8838b7e3b7fb0a99d888ea931b6b78f763ccd9e9227e49cea6dc12
engine/scripts/smoke_lokaid.py,,repository-support,retain-review-in-context,mechanical-census,6809,165d82104310690cd0664e91dc0205dbfcdf5f31bbbdbcd72f66ad1e15dfffed
engine/scripts/test_required_tests.py,,repository-support,retain-review-in-context,mechanical-census,1013,e69942e7f64fd6a8e12132873042b131286cf9d369ce4264c40e22397bb6b6eb
engine/scripts/verify_layout_consumer.py,,repository-support,retain-review-in-context,mechanical-census,21534,62b9e71868cef00d969ede32224054471136735f2be5b366ac8a173104f28fce
engine/security-fixtures/README.md,,repository-support,retain-review-in-context,mechanical-census,882,e63c9f1b33ee247fd7219bb3d87d7e2a20ec1844c80aa12bd871428a5177501d
engine/security-fixtures/malicious-repo/.lokai/project.md,,repository-support,retain-review-in-context,mechanical-census,206,f05b041a520a77086197d3b7a92efa3e708965fe31c1bd8ee0f67fab472a4494
engine/security-fixtures/malicious-repo/README.md,,repository-support,retain-review-in-context,mechanical-census,388,7766137f3f19cdc3ece239c18197ff8654c7ab360a97f366c5229b4bd9fe61a1
engine/security-fixtures/malicious-repo/verify_evil.py,,repository-support,retain-review-in-context,mechanical-census,161,c31393f454b40366b712c1856d2b3997244b9b94b4da34eef989b63f83e90dfb
engine/strata/README.md,,repository-support,retain-review-in-context,mechanical-census,775,bc5befd3e1f33efe263a239990ea60bdc5263178d48fa3cbf8f25ccd25e16802
engine/strata/tetonic-artifact/Cargo.toml,tetonic-artifact,workspace-package,keep-integrate,mechanical-census,782,122bac256172489d4b92cfa207d380d2b28889e85b0ad613d63a147e71588810
engine/strata/tetonic-artifact/README.md,tetonic-artifact,workspace-package,keep-integrate,mechanical-census,3791,74bb0bc08fd2d57e65a73e9a41b0c2b6732c77e2769c4cd36fe5fb46a258e234
engine/strata/tetonic-artifact/src/gc.rs,tetonic-artifact,workspace-package,keep-integrate,mechanical-census,7739,d554fa6314cae4f952a99669224387e5fe96816de76eac09a274f77dccfcf223
engine/strata/tetonic-artifact/src/lib.rs,tetonic-artifact,workspace-package,keep-integrate,mechanical-census,570,2ecdaa583b92aca26b768e5babac7aa151ee1a5a8b431e771d57f247cbfaf11b
engine/strata/tetonic-artifact/src/publication.rs,tetonic-artifact,workspace-package,keep-integrate,mechanical-census,4354,ae9592eb1affecf7ce8258d51f74612eccecdc5e5edef2d2df9e7acc0447384a
engine/strata/tetonic-artifact/src/quarantine.rs,tetonic-artifact,workspace-package,keep-integrate,mechanical-census,15950,091eea1cb8d8d8265749d05af0108677e4d7d84c6a2326e4e738333024d48042
engine/strata/tetonic-artifact/src/store.rs,tetonic-artifact,workspace-package,keep-integrate,mechanical-census,26774,341f542b64cb70814f53b1611a9b5e7a74f4c337c4e2c40968dbaff401e903e2
engine/strata/tetonic-artifact/src/store_tests.rs,tetonic-artifact,workspace-package,keep-integrate,mechanical-census,28985,c97f283aadc90aceb20b335e35bfbde18e29d55a8600452cbd3e87079340bffc
engine/strata/tetonic-artifact/src/verify.rs,tetonic-artifact,workspace-package,keep-integrate,mechanical-census,3403,4d6c6625697b82bf9bde3c5f63921dfcec32c7bb4ad5271424115c8f149bf978
engine/strata/tetonic-context/ARCHITECTURE.md,tetonic-context,workspace-package,isolate,mechanical-census,2807,f7df65426a99ab58f0adc78c59359b7d68a615961985228fea8d1d1a41ad6d49
engine/strata/tetonic-context/Cargo.toml,tetonic-context,workspace-package,isolate,mechanical-census,711,f21aad7e0a51397ddbaa8177b696187417c48ebbe9d5d81b00c1796716112ca4
engine/strata/tetonic-context/src/cache.rs,tetonic-context,workspace-package,isolate,mechanical-census,4814,ed0f2f1987f5f0d5ec4e9a9bd7fac31a3b4df9f12d0ca54978a98f259e869ffc
engine/strata/tetonic-context/src/interfaces.rs,tetonic-context,workspace-package,isolate,mechanical-census,1566,f4870299932662427a83e5753ccc11759eae52d3650a30db4c784a61fc90429a
engine/strata/tetonic-context/src/lib.rs,tetonic-context,workspace-package,isolate,mechanical-census,338,9fa433bfc8f57d22f053b4d1e147470ac73c70012d7931703cd3102f8e4ba904
engine/strata/tetonic-context/src/ownership_tests.rs,tetonic-context,workspace-package,isolate,mechanical-census,10427,4ba41f0449a77b950b3fec5d05583b3806c847d306d4c60c661016e48f06005f
engine/strata/tetonic-context/src/pipeline/admission.rs,tetonic-context,workspace-package,isolate,mechanical-census,1616,3489fb41d1a39e0329cf8b4e206f12b4c962fb0badcbbc72a9fda3a4486ec856
engine/strata/tetonic-context/src/pipeline/mod.rs,tetonic-context,workspace-package,isolate,mechanical-census,20504,d13533892899d131135ef781d5a22b010019b480abe79c143fbac39395929ae8
engine/strata/tetonic-context/src/pipeline/stage1_normalize.rs,tetonic-context,workspace-package,isolate,mechanical-census,3170,4f4ba6cf9635939dc472fb4ceaa95fba46d0909d7a7d36f3a9de80cafb5cf7f4
engine/strata/tetonic-context/src/pipeline/stage2_retrieve.rs,tetonic-context,workspace-package,isolate,mechanical-census,12265,fa236f0c26fa0c84800d34b52cd136609e2d440ff39b78d995cf9498b111bb5f
engine/strata/tetonic-context/src/pipeline/stage3_filter.rs,tetonic-context,workspace-package,isolate,mechanical-census,4792,f81a76dd719920a8fb32b01a39baf4ab8fdc86f7b203a59f68c6f34f419bfb15
engine/strata/tetonic-context/src/pipeline/stage4_rank.rs,tetonic-context,workspace-package,isolate,mechanical-census,3815,6e74c989d464bd9a2baf313ba7bcfcf0dcf303e0bce86602298fa89c8f5a2488
engine/strata/tetonic-context/src/pipeline/stage5_dedupe.rs,tetonic-context,workspace-package,isolate,mechanical-census,2202,96db5a173791be742916c92f956826ecae73cbf2dc60b604deff737234dcc891
engine/strata/tetonic-context/src/pipeline/stage6_budget.rs,tetonic-context,workspace-package,isolate,mechanical-census,2244,ee9118cae80c2ae06a1c93d8681f24cb3307d47213a1dc564abd98b3f99c4a0d
engine/strata/tetonic-context/src/pipeline/stage7_seal.rs,tetonic-context,workspace-package,isolate,mechanical-census,9937,e215706bda72e4ee1e2df371522504a2cffef24161a5f02a4c7123cbcb305f1f
engine/strata/tetonic-context/src/restriction_tests.rs,tetonic-context,workspace-package,isolate,mechanical-census,7174,183e0426aed78898fe8dc2d4d93cff02856484ea2130434d732afe790d5ced1c
engine/strata/tetonic-context/src/tests.rs,tetonic-context,workspace-package,isolate,mechanical-census,53519,663cba6f6a7044e6865b11c54bef4bdcbe12beec103168d7d8da21f5aed2b870
engine/strata/tetonic-context/src/types.rs,tetonic-context,workspace-package,isolate,mechanical-census,6267,a9ea1b59e536a07bbba79999b5eb10fbe0fc19ad2fb128d0f9e86b3d16a937f7
engine/strata/tetonic-context/src/workspace.rs,tetonic-context,workspace-package,isolate,mechanical-census,26193,48455caeb3118349cb206b713f6877b0b0dee8c2626efc9f3ba50f4877150866
engine/strata/tetonic-index/Cargo.toml,tetonic-index,workspace-package,isolate,mechanical-census,1073,4248f9b27bf08d27ccace681bb1b09497903d332388f780596654b150eee0b84
engine/strata/tetonic-index/README.md,tetonic-index,workspace-package,isolate,mechanical-census,1936,35a89f1a698b06dcc060de583ec14a401803aa1e6f3eeab76f8dc1a3a872508a
engine/strata/tetonic-index/src/host.rs,tetonic-index,workspace-package,isolate,mechanical-census,4203,824fc40424a1355a5427d2483750171b48185251379e830c7cfa5cb438f2f552
engine/strata/tetonic-index/src/lib.rs,tetonic-index,workspace-package,isolate,mechanical-census,26399,ea574bd93e9b9d61d76b24ace7d9c546c029e34b0826d1c0bccd8a9b7f0267c9
engine/strata/tetonic-index/src/parse.rs,tetonic-index,workspace-package,isolate,mechanical-census,6066,8681d3986d6f931cceb096df3ad4e24cab91f10e1eeb3badc3c14e70b35a5b67
engine/strata/tetonic-index/src/query.rs,tetonic-index,workspace-package,isolate,mechanical-census,11311,8a242c42c3d900b0e51f19f5399584ad02bd53d024d44fbe30667073843e9a58
engine/strata/tetonic-index/src/schema.rs,tetonic-index,workspace-package,isolate,mechanical-census,27679,f0e18e8fa702c3988b54ae5220f17ecd3c29932244d6f2c32b947fffeb2d00e9
engine/strata/tetonic-index/src/semantic.rs,tetonic-index,workspace-package,isolate,mechanical-census,21877,f76aacb15ec9e4936e78745215681b27b0966886d17be9705175a673ce73b115
engine/strata/tetonic-index/src/skeleton.rs,tetonic-index,workspace-package,isolate,mechanical-census,7221,d04b93d660bbec3363045bb8a31885cb4ed0d751119f8192a7be9e7b0832acff
engine/strata/tetonic-index/src/types.rs,tetonic-index,workspace-package,isolate,mechanical-census,3180,7a38f9e101305e9b102ac406b5c1c7e98f55a3b594fe26b0cb3c47f13e785f71
engine/strata/tetonic-index/src/update_perf_tests.rs,tetonic-index,workspace-package,isolate,mechanical-census,3535,64536dbe07d459abeca24716dd7ffc9dd040edb529a4f9f8cbe49ca6edafbdd7
engine/strata/tetonic-index/src/util.rs,tetonic-index,workspace-package,isolate,mechanical-census,604,0539efd48d7ba95445f87bc50795b834e225e8bab9eb2aa026a3142ca8a19d73
engine/strata/tetonic-index/src/watcher.rs,tetonic-index,workspace-package,isolate,mechanical-census,10980,09b6bbb8eb38e58778124522a8a3f7adc715c4c30dacaeb8aeab56b8fc95f786
engine/strata/tetonic-index/src/watcher_tests.rs,tetonic-index,workspace-package,isolate,mechanical-census,8312,15b4cbad0b4c1a00f8127747b220e67c0d1b3b3eeafe358f58fea56d01fb9b82
engine/strata/tetonic-memory/Cargo.toml,tetonic-memory,workspace-package,split-logically,mechanical-census,1092,cab056b96d70dc5f12f9a5efd3b29fefa57bd55e369d62053f468e0b2dc7d29d
engine/strata/tetonic-memory/MIGRATION-RECOVERY.md,tetonic-memory,workspace-package,split-logically,mechanical-census,3619,805215cc6c521d61da6670037c174629321101aa73fc01ef1351bf4b0490da70
engine/strata/tetonic-memory/README.md,tetonic-memory,workspace-package,split-logically,mechanical-census,4883,8328f2747cba9ff1eabd5e896e2ace2451c68f749fde5c262ab847058fcff77f
engine/strata/tetonic-memory/src/backup.rs,tetonic-memory,workspace-package,split-logically,mechanical-census,5477,457342d3b0caea208b18673c6f5eee9e4c2c48633b8e45e1965573e363a9462b
engine/strata/tetonic-memory/src/blob.rs,tetonic-memory,workspace-package,split-logically,mechanical-census,3713,d32a1eff491989091bc95db7e09c87dae4d9da416d0561a0df05240a3fe2e990
engine/strata/tetonic-memory/src/capability.rs,tetonic-memory,workspace-package,split-logically,mechanical-census,7653,20a425c535536d1def352bb410891af8058d141323bbc39d0283af176e91bb3c
engine/strata/tetonic-memory/src/capacity.rs,tetonic-memory,workspace-package,split-logically,mechanical-census,7002,4e014acfe7d0eb2651f4d6977e5f242acd47c183f5eaf865c04608fc2de2f13b
engine/strata/tetonic-memory/src/capacity_tables.rs,tetonic-memory,workspace-package,split-logically,mechanical-census,2039,1728889469e93a44c0a6e9e27b2f06b636818a5b4bb209215efbe9daae07c8a3
engine/strata/tetonic-memory/src/compute_reservation.rs,tetonic-memory,workspace-package,split-logically,mechanical-census,6030,37f5bf5f20f98d55a1a09bfc2ca4d584f7417d898d9567603287a367e972248f
engine/strata/tetonic-memory/src/durability_tests.rs,tetonic-memory,workspace-package,split-logically,mechanical-census,2596,6cfc391f986a13def2669e9c41115e4a171a0fc52e1fb61ec54e756061de5b4e
engine/strata/tetonic-memory/src/estate.rs,tetonic-memory,workspace-package,split-logically,mechanical-census,15555,4908aa653c473b15e14421693d61fbed7c256bc4dbe04a877e717bda0bf8a775
engine/strata/tetonic-memory/src/identity_store.rs,tetonic-memory,workspace-package,split-logically,mechanical-census,3981,54ab539eb2c17b49bf9702dd2c35fe4938c3560709dd5273413ca327ce782200
engine/strata/tetonic-memory/src/lib.rs,tetonic-memory,workspace-package,split-logically,mechanical-census,56731,671b9f8b4d09a4847b6a1d98a19c0eb50dd732c08ca1b47c5f8b6320025d72a4
engine/strata/tetonic-memory/src/migration_tests.rs,tetonic-memory,workspace-package,split-logically,mechanical-census,9306,af0c102fa260eae647facb537dee851a5781940c0b0f37ba8b8d208cd836ff8d
engine/strata/tetonic-memory/src/payload_digest.rs,tetonic-memory,workspace-package,split-logically,mechanical-census,3133,45654bcdda7b3e6e773bc0f3819b888380ccdded4e26abe1346d6c4a2393a14b
engine/strata/tetonic-memory/src/policy.rs,tetonic-memory,workspace-package,split-logically,mechanical-census,12364,1c1807da4b28e493384a61dd24dca092d17cfc1e2d3d5687a8693a0ffc05c705
engine/strata/tetonic-memory/src/projects.rs,tetonic-memory,workspace-package,split-logically,mechanical-census,16981,fcd7503fc5e70c9b6f0376f42edeff61b5cef5524b80c7d7ac29668337d9555c
engine/strata/tetonic-memory/src/recall.rs,tetonic-memory,workspace-package,split-logically,mechanical-census,11657,7d7f1ac0c0e5c8a2342b74fae9615a7a660d180fd9eb9a110549b1d6ae14e587
engine/strata/tetonic-memory/src/result_disposition.rs,tetonic-memory,workspace-package,split-logically,mechanical-census,9661,f32c655f7554d6ab8701734b82a54dfb77d22cdcf4ab720dbd3c3f5f881e0d5f
engine/strata/tetonic-memory/src/run_store.rs,tetonic-memory,workspace-package,split-logically,mechanical-census,30108,1b1177f9917de522556af19d98a7df476960172a5f72a0200df0839843ce6dda
engine/strata/tetonic-memory/src/scheduler_decision.rs,tetonic-memory,workspace-package,split-logically,mechanical-census,7668,92bb2e2f2f7fec0d9e2bc7ab8f6543bdae461b49c958b3c514bdddfc6be0fb0e
engine/strata/tetonic-memory/src/schema.rs,tetonic-memory,workspace-package,split-logically,mechanical-census,25724,bc95c3165854efd48f5674b41a415afabb1aa12ca70324a52ea3604210099b13
engine/strata/tetonic-memory/src/secret_overrides.rs,tetonic-memory,workspace-package,split-logically,mechanical-census,12095,2847b290d187548a669e4c7368430002d231d94dee10d04697952f59a02e39e1
engine/strata/tetonic-memory/src/sync_lock.rs,tetonic-memory,workspace-package,split-logically,mechanical-census,1295,494990e4ed9039d822f19bf9eab1bc5e86db69caa0da9db3c5b610aaa90e45c0
engine/strata/tetonic-memory/src/trust.rs,tetonic-memory,workspace-package,split-logically,mechanical-census,8392,21fc11d9523615ec5668b6712ba09a6bd93b856be3840437d05f56962c9ff0d2
engine/strata/tetonic-memory/src/util.rs,tetonic-memory,workspace-package,split-logically,mechanical-census,2761,bca327fd17102024da687cd9b0c23eaa0bb381cc1c4036796dabfb1c88e4ac52
engine/strata/tetonic-memory/src/worker_store.rs,tetonic-memory,workspace-package,split-logically,mechanical-census,17230,06556599d92164de2eb7b567ca637b54923dd774f37ba287cc45dcca5597c140
engine/strata/tetonic-memory/src/worker_tls.rs,tetonic-memory,workspace-package,split-logically,mechanical-census,7695,e35a965dac61336288bb0022977e9fcfd5c3313bc17513eb819266a655b9d442
engine/strata/tetonic-memory/tests/h2_2_store_concurrency.rs,tetonic-memory,workspace-package,split-logically,mechanical-census,6045,0476c7a1209f1f2bf29f6e10c199687cffd059bca7952495582e5edcbe239a7f
engine/tooling/README.md,,repository-support,retain-review-in-context,mechanical-census,564,69c4f8083f695cbfed9d31820ee0b4adb86e1e3398814836818bee2a019478ae
engine/tooling/tetonic-arch-gate/Cargo.toml,tetonic-arch-gate,workspace-package,update,mechanical-census,1219,265206261e69b0eeb8a1e0f087c54ef71ef704b27157263ccc0aaeb33b47d972
engine/tooling/tetonic-arch-gate/README.md,tetonic-arch-gate,workspace-package,update,mechanical-census,4910,fa8aa808a5c4700571d10e2201293b2f57ff0c00ecf24c9fa6a5a4e82f64b65d
engine/tooling/tetonic-arch-gate/fixtures/v4/ARCH-V4-APP-001.v4fix,tetonic-arch-gate,workspace-package,update,mechanical-census,238,d32efd74a24e09392720784491b1105c7d2d7ef4c0c5fa7726f9dd00b80431f4
engine/tooling/tetonic-arch-gate/fixtures/v4/ARCH-V4-CAP-001.v4fix,tetonic-arch-gate,workspace-package,update,mechanical-census,123,c73c96ab98ade21386922dbe215e69954e4454f7c7893a4c1155c8f8d7a6ad69
engine/tooling/tetonic-arch-gate/fixtures/v4/ARCH-V4-CMP-001-hop-fail.v4fix,tetonic-arch-gate,workspace-package,update,mechanical-census,996,52a0d54515e770c8ec72a708374947ce380b52aa92548ef5cb1527754bcac012
engine/tooling/tetonic-arch-gate/fixtures/v4/ARCH-V4-CMP-001.v4fix,tetonic-arch-gate,workspace-package,update,mechanical-census,264,0378fc66dbccf0c0bb2ca7ab10da7876ec56994c129fd2d78abe88650c0c45d2
engine/tooling/tetonic-arch-gate/fixtures/v4/ARCH-V4-DEP-001.v4fix,tetonic-arch-gate,workspace-package,update,mechanical-census,118,c4b0af2141fce2216a131ab33d4208d2859decf3f8b1c84701a22c1f7e2e17cf
engine/tooling/tetonic-arch-gate/fixtures/v4/ARCH-V4-FIN-001.v4fix,tetonic-arch-gate,workspace-package,update,mechanical-census,525,f42c4b6a5b525b124b092db5070545ee664ae2c47f482c6a20c787a62413c64d
engine/tooling/tetonic-arch-gate/fixtures/v4/ARCH-V4-FIN-002.v4fix,tetonic-arch-gate,workspace-package,update,mechanical-census,132,4b6a284f9e86bc7d766e72fce5dc95b124b4a2dbca9e9fe1aa0541b2d3f8e54f
engine/tooling/tetonic-arch-gate/fixtures/v4/ARCH-V4-GATE-001-coding.v4fix,tetonic-arch-gate,workspace-package,update,mechanical-census,217,cbe0a55293b94bb72a0ce56d5a13944548c514e34e4b0efd63b4c8b3b97a3629
engine/tooling/tetonic-arch-gate/fixtures/v4/ARCH-V4-GATE-001-sessionless.v4fix,tetonic-arch-gate,workspace-package,update,mechanical-census,188,ab46b47414b040190184db61540f1660dfc5042820784645cd60831444a07dd2
engine/tooling/tetonic-arch-gate/fixtures/v4/ARCH-V4-IFACE-001.v4fix,tetonic-arch-gate,workspace-package,update,mechanical-census,123,16e00ad792cb247d94d3424371ccb1bcd84a343e1c520d6e357ecd86ca33bcf2
engine/tooling/tetonic-arch-gate/fixtures/v4/ARCH-V4-IFACE-002-approval-singleton.v4fix,tetonic-arch-gate,workspace-package,update,mechanical-census,276,1849d6467ce44185c57c0c2d434b0192c2c72d24f03685eb1d47b66812184a4b
engine/tooling/tetonic-arch-gate/fixtures/v4/ARCH-V4-OBS-001-sessionless-noop.v4fix,tetonic-arch-gate,workspace-package,update,mechanical-census,613,8ebc352daab97cc5e71b4ee1f35d10c5eddb812323e6c036e6133175c9d7ef12
engine/tooling/tetonic-arch-gate/fixtures/v4/ARCH-V4-OBS-001.v4fix,tetonic-arch-gate,workspace-package,update,mechanical-census,128,63ef2735f9dc0ccff20a9cc3044fc9b754b4a00d1985cfd66868ed1cce6f4a84
engine/tooling/tetonic-arch-gate/fixtures/v4/ARCH-V4-SUB-001-loop-policy.v4fix,tetonic-arch-gate,workspace-package,update,mechanical-census,402,87665a157a7304bdb27f5424d4e4c496355d4faf3dea8ca2cca29e30450f96c4
engine/tooling/tetonic-arch-gate/fixtures/v4/ARCH-V4-SUB-001.v4fix,tetonic-arch-gate,workspace-package,update,mechanical-census,127,80310559704da678609b553511a3b2897ec9636f8708395628769da0dd489c0f
engine/tooling/tetonic-arch-gate/fixtures/v4/ARCH-V4-SUB-002.v4fix,tetonic-arch-gate,workspace-package,update,mechanical-census,118,538a4e5a140e675c75dc7cc356c69b93a4110f699f856333f4683482c643a891
engine/tooling/tetonic-arch-gate/fixtures/v4/ARCH-V4-TOOL-001.v4fix,tetonic-arch-gate,workspace-package,update,mechanical-census,119,3cced95c687206e374c3f73628b59138517a260adb1d824e63af57fbff386fe8
engine/tooling/tetonic-arch-gate/fixtures/v4/ARCH-V4-WORK-001.v4fix,tetonic-arch-gate,workspace-package,update,mechanical-census,129,4365d369ace138f61346633967b7322bc558f17cc8d8d9a41c5faf97c20c2e05
engine/tooling/tetonic-arch-gate/fixtures/v4/ARCH-V4-WORK-002.v4fix,tetonic-arch-gate,workspace-package,update,mechanical-census,129,6207e4c5004db77a9df2291356a8a41f5f9763a844cf60878828826193e8244e
engine/tooling/tetonic-arch-gate/fixtures/v4/ARCH-V4-WORK-003.v4fix,tetonic-arch-gate,workspace-package,update,mechanical-census,129,6771457a21475a46f7ca25b3585ddf59a0dd4888c29cc178ffda2f6e532c50bd
engine/tooling/tetonic-arch-gate/fixtures/v4/ARCH-V4-WORK-006-session-authority.v4fix,tetonic-arch-gate,workspace-package,update,mechanical-census,666,66e516c88e5f63a1633ca4e0af6c06345170c5bd4deca151f9d11329d2fd050b
engine/tooling/tetonic-arch-gate/src/checks.rs,tetonic-arch-gate,workspace-package,update,mechanical-census,32133,6734e3899af676551d2334a289d4388d85295a16c946c3acc85501e6c1ed6fbe
engine/tooling/tetonic-arch-gate/src/freeze.rs,tetonic-arch-gate,workspace-package,update,mechanical-census,29059,6af6df81e65f40bac1d186d3c2121006f7425d90462b31af4c667bee39820ee6
engine/tooling/tetonic-arch-gate/src/ids.rs,tetonic-arch-gate,workspace-package,update,mechanical-census,7320,8c8c89df1652ac26e2c3ced2bc3d67cb7657a11eec83efbbe209162bb52123c3
engine/tooling/tetonic-arch-gate/src/lib.rs,tetonic-arch-gate,workspace-package,update,mechanical-census,24344,e98463574e8af892fac28a96daa1433b63ca147d5492af4582f108a6798e71ed
engine/tooling/tetonic-arch-gate/src/main.rs,tetonic-arch-gate,workspace-package,update,mechanical-census,2724,1ab515014c248f6b1b3b9e41e2d5532e92e485a14928c7729fbc0bc8e946f43e
engine/tooling/tetonic-arch-gate/src/p0.rs,tetonic-arch-gate,workspace-package,update,mechanical-census,10893,770416644c3cb4465a1a652720dc5711e47c1e0f917d5875f66c4460072ddf04
engine/tooling/tetonic-arch-gate/src/quality.rs,tetonic-arch-gate,workspace-package,update,mechanical-census,12550,9fdbd48def2c0784092e3f328ee0cc75fbc5b148f9d17d5cf5569745d1872c7b
engine/tooling/tetonic-arch-gate/src/report.rs,tetonic-arch-gate,workspace-package,update,mechanical-census,2273,5f74eedbaeaa0dce561f3f596dd61608bc681330c8e80434ee40509083e017ab
engine/tooling/tetonic-arch-gate/src/test_source.rs,tetonic-arch-gate,workspace-package,update,mechanical-census,3522,d7efd60ea173e8988a91a6bf57ea495bc255620760534b7381c51d834c51ee3d
engine/tooling/tetonic-arch-gate/src/tests.rs,tetonic-arch-gate,workspace-package,update,mechanical-census,4462,2ba049f043ff2a846abf4f4015640cb084aa09226a98b00f59d1c567f701cfd2
engine/tooling/tetonic-arch-gate/src/v4_corpus.rs,tetonic-arch-gate,workspace-package,update,mechanical-census,13415,7787ae388fcc474df7412e3a37a10fad89442ceb6e37ccc39c88c6db606e7fd3
engine/tooling/tetonic-arch-gate/src/v4_scan.rs,tetonic-arch-gate,workspace-package,update,mechanical-census,12192,c0bd901429eb33364b4a145e302a3574dc5c5984b8585fc9a62c15ca3603bf56
engine/tooling/tetonic-arch-gate/src/v4_scan_tests.rs,tetonic-arch-gate,workspace-package,update,mechanical-census,19424,a8c9e31256f6f26bf3dc840eaf812fe4c0e0d1c7a4ff35ae49c69b1404644649
engine/tooling/tetonic-arch-gate/src/verify.rs,tetonic-arch-gate,workspace-package,update,mechanical-census,4723,199b6bf57ce73f0a2b147fd1884f475797c9dbdce08d6ec0fca4691cf95336ee
engine/tooling/tetonic-bench/Cargo.toml,tetonic-bench,workspace-package,keep,mechanical-census,416,1fd4ed4e2e337cfc741c9ba22ef852acbe48cc0ce664f9a24d042194f4debf85
engine/tooling/tetonic-bench/README.md,tetonic-bench,workspace-package,keep,mechanical-census,995,a9b011f2e8bdfd5f3f07950679a5ecaca3af39c36c67fc8b51a6c1c80230c425
engine/tooling/tetonic-bench/src/main.rs,tetonic-bench,workspace-package,keep,mechanical-census,10491,efbac2422c7771d2d2fd29dc4d3d5e3c2661f106c24e7e0c0a07680848ce15df
engine/tooling/tetonic-eval/Cargo.toml,tetonic-eval,workspace-package,keep-expand,mechanical-census,1616,d1aae151fcce4b35610a2201552ce7753d56a0d20154901a382825acda9aefd1
engine/tooling/tetonic-eval/README.md,tetonic-eval,workspace-package,keep-expand,mechanical-census,8704,3e1a9937ec5f20eecdc459e1ce5176a526553731720b8cc1186305fc0ad33dc1
engine/tooling/tetonic-eval/examples/deterministic_manifest.json,tetonic-eval,workspace-package,keep-expand,mechanical-census,1400,a7deda9463406b0796f55e8e2434f0b39bf6462eecec29d57a59c9e89fb5ae13
engine/tooling/tetonic-eval/examples/statistical_manifest.json,tetonic-eval,workspace-package,keep-expand,mechanical-census,1271,087d367cbe59271694343f90b09c00ed3cf79150c5a596295ce809b29f9d49f0
engine/tooling/tetonic-eval/src/compare.rs,tetonic-eval,workspace-package,keep-expand,mechanical-census,6139,59f06577eae5265fac1ca076c3dcc9a9494e61b1df8b3c5cc0e2fea8c6d54162
engine/tooling/tetonic-eval/src/corpus.rs,tetonic-eval,workspace-package,keep-expand,mechanical-census,7426,a0edaf5d03f5afc355f4c76276c2387c6a22c702bce21458ac4114468a5764b9
engine/tooling/tetonic-eval/src/deterministic.rs,tetonic-eval,workspace-package,keep-expand,mechanical-census,4349,2416169212665148a16370f1dd981a91ac6046a6c3f3c60fd73a516adb2ebc8d
engine/tooling/tetonic-eval/src/gate.rs,tetonic-eval,workspace-package,keep-expand,mechanical-census,1325,22c358832d4cd1004d9020964ebed9258bad8e7b96b3ff241a7fe5026f54c5c6
engine/tooling/tetonic-eval/src/graders.rs,tetonic-eval,workspace-package,keep-expand,mechanical-census,5306,4caeac5954f57634b4d4dc0ea367bb81eda91a7f915741e2b50705720ac5d212
engine/tooling/tetonic-eval/src/graders/command.rs,tetonic-eval,workspace-package,keep-expand,mechanical-census,9272,2334bc6fe3418cd8930d9db24e0eeca1f9bf1e7f2b6d40bf19afcd8a5ff2a4e0
engine/tooling/tetonic-eval/src/graders/mutation.rs,tetonic-eval,workspace-package,keep-expand,mechanical-census,4451,af35faf60c564f1d4a2d9b0394c4936c6e4d50267715a5a2bad4f9ccbbcf7055
engine/tooling/tetonic-eval/src/graders/paths.rs,tetonic-eval,workspace-package,keep-expand,mechanical-census,5145,fbcb0c54cc253b4f88013f9d53c8854b4285dd652aad82500bd289cd6d3d0b94
engine/tooling/tetonic-eval/src/graders/protected.rs,tetonic-eval,workspace-package,keep-expand,mechanical-census,10299,22e89d2492f90938e826acd6d77381126e7c0777605deaf8b8b034aebf86de9b
engine/tooling/tetonic-eval/src/honesty.rs,tetonic-eval,workspace-package,keep-expand,mechanical-census,2341,f04aace366febc8d1a3b0c81c121c7cb376a62b718c8962bc83be8624dfe774f
engine/tooling/tetonic-eval/src/kernel.rs,tetonic-eval,workspace-package,keep-expand,mechanical-census,35554,bae3462729644f4a9cc208158eb8c72cd582786d66db42b58dc22edff5d07895
engine/tooling/tetonic-eval/src/lib.rs,tetonic-eval,workspace-package,keep-expand,mechanical-census,274,adc75c1bb60e657a68a7735c2c99ae0236ab7bde1402573656d6754a50233cc2
engine/tooling/tetonic-eval/src/main.rs,tetonic-eval,workspace-package,keep-expand,mechanical-census,7509,5cb8791d8735c398e03bfcf5db8eff5ff063687a0e2d179601ab3119c160d812
engine/tooling/tetonic-eval/src/manifest.rs,tetonic-eval,workspace-package,keep-expand,mechanical-census,5053,42136a2c8584f11c9e616bb21e959118cf3d55883d47faa8b6ec4eb8f9aeb1fa
engine/tooling/tetonic-eval/src/parity.rs,tetonic-eval,workspace-package,keep-expand,mechanical-census,10284,0c9ee7c5e5ec4bb3e3f9bc898b5482dc4a66f84faa1ec53fb05fb33ce189d600
engine/tooling/tetonic-eval/src/providers.rs,tetonic-eval,workspace-package,keep-expand,mechanical-census,13815,0bbd99d29fc536ba8d447bc6c264ce9025ea2ebbb4e1d1c67f5ecc586e4afda7
engine/tooling/tetonic-eval/src/recovery.rs,tetonic-eval,workspace-package,keep-expand,mechanical-census,7115,f8ea828b003bff0ceba6f844a21df88596277e6a25474d509cbac16c8dbb7ebb
engine/tooling/tetonic-eval/src/result.rs,tetonic-eval,workspace-package,keep-expand,mechanical-census,1774,3e011a127c2de17bbd6a3e79563e1fcbd5cb006b6ca24cd6fef865f83c8c6167
engine/tooling/tetonic-eval/src/statistical.rs,tetonic-eval,workspace-package,keep-expand,mechanical-census,5389,4047760de3cab60011b2ea22d2b8f9497614f6bc88d21cccab79e47916805058
engine/tooling/tetonic-eval/src/statistical/tests.rs,tetonic-eval,workspace-package,keep-expand,mechanical-census,8012,94583c9f947d810ef67537f43613f6eca1648ffb8ca715e4359009083b17d99d
engine/tooling/tetonic-eval/src/suite.rs,tetonic-eval,workspace-package,keep-expand,mechanical-census,1939,7f4ed7c3719ad10dfcad293a928e827e83bbfb48367e19316d276d2f05733d3b
engine/tooling/tetonic-eval/src/traits.rs,tetonic-eval,workspace-package,keep-expand,mechanical-census,1945,4abf2aa3f734e0e082a875356270b956359a4466ea9c0d4e00e6064829e08c5d
scripts/install.ps1,,delivery-tooling,retain-review-in-context,mechanical-census,3209,cd2229edd5674a0b8a44c699914287fe3b5f301fc3bb87fb7335bccd2271d44f
scripts/install.sh,,delivery-tooling,retain-review-in-context,mechanical-census,3102,e278eaa770953f7be5a953859075bbc4051e1ed2820a05af3e609f09f218653f
scripts/release.py,,delivery-tooling,retain-review-in-context,mechanical-census,5953,94c9f1d68c630b3894efb7e9fe7db4ed3ec19a04ee0091800d866c85d258f89a
